[INFO] Scanning for projects...
[INFO] 
[INFO] ------------------------< com.jpmc:midas-core >-------------------------
[INFO] Building midas-core 1.0.0
[INFO] --------------------------------[ jar ]---------------------------------
[INFO] 
[INFO] --- maven-resources-plugin:3.3.1:resources (default-resources) @ midas-core ---
[INFO] skip non existing resourceDirectory C:\Users\sachi\forage-midas\src\main\resources
[INFO] skip non existing resourceDirectory C:\Users\sachi\forage-midas\src\main\resources
[INFO] 
[INFO] --- maven-compiler-plugin:3.11.0:compile (default-compile) @ midas-core ---
[INFO] Nothing to compile - all classes are up to date
[INFO] 
[INFO] --- maven-resources-plugin:3.3.1:testResources (default-testResources) @ midas-core ---
[INFO] Copying 7 resources from src\test\resources to target\test-classes
[INFO] 
[INFO] --- maven-compiler-plugin:3.11.0:testCompile (default-testCompile) @ midas-core ---
[INFO] Nothing to compile - all classes are up to date
[INFO] 
[INFO] --- maven-surefire-plugin:3.1.2:test (default-test) @ midas-core ---
[INFO] Using auto detected provider org.apache.maven.surefire.junitplatform.JUnitPlatformProvider
[INFO] 
[INFO] -------------------------------------------------------
[INFO]  T E S T S
[INFO] -------------------------------------------------------
[INFO] Running com.jpmc.midascore.TaskThreeTests
05:37:04.028 [main] INFO org.springframework.test.context.support.AnnotationConfigContextLoaderUtils -- Could not detect default configuration classes for test class [com.jpmc.midascore.TaskThreeTests]: TaskThreeTests does not declare any static, non-private, non-final, nested classes annotated with @Configuration.
05:37:04.136 [main] INFO org.springframework.boot.test.context.SpringBootTestContextBootstrapper -- Found @SpringBootConfiguration com.jpmc.midascore.MidasCoreApplication for test class com.jpmc.midascore.TaskThreeTests

  .   ____          _            __ _ _
 /\\ / ___'_ __ _ _(_)_ __  __ _ \ \ \ \
( ( )\___ | '_ | '_| | '_ \/ _` | \ \ \ \
 \\/  ___)| |_)| | | | | || (_| |  ) ) ) )
  '  |____| .__|_| |_|_| |_\__, | / / / /
 =========|_|==============|___/=/_/_/_/
 :: Spring Boot ::                (v3.2.5)

2025-09-24T05:37:05.215+05:30  INFO 15304 --- [           main] k.utils.Log4jControllerRegistration$     : Registered kafka:type=kafka.Log4jController MBean
2025-09-24T05:37:05.249+05:30  INFO 15304 --- [           main] org.apache.zookeeper.common.X509Util     : Setting -D jdk.tls.rejectClientInitiatedRenegotiation=true to disable client-initiated TLS renegotiation
2025-09-24T05:37:05.397+05:30  INFO 15304 --- [-kit-executor-1] kafka.server.ControllerServer            : Formatting C:\Users\sachi\AppData\Local\Temp\kafka-8421187435840485386\controller_0 with metadata.version 3.3-IV0.
2025-09-24T05:37:05.405+05:30  INFO 15304 --- [-kit-executor-3] kafka.server.BrokerServer                : [BrokerServer id=0] Transition from SHUTDOWN to STARTING
2025-09-24T05:37:05.405+05:30  INFO 15304 --- [-kit-executor-2] kafka.server.ControllerServer            : [ControllerServer id=0] Starting controller
2025-09-24T05:37:05.407+05:30  INFO 15304 --- [-kit-executor-3] kafka.server.SharedServer                : [SharedServer id=0] Starting SharedServer
2025-09-24T05:37:05.434+05:30  INFO 15304 --- [-kit-executor-2] o.a.k.s.network.EndpointReadyFutures     : authorizerStart completed for endpoint CONTROLLER. Endpoint is now READY.
2025-09-24T05:37:05.518+05:30  INFO 15304 --- [-kit-executor-3] kafka.log.UnifiedLog$                    : [LogLoader partition=__cluster_metadata-0, dir=C:\Users\sachi\AppData\Local\Temp\kafka-8421187435840485386\controller_0] Loading producer state till offset 0 with message format version 2
2025-09-24T05:37:05.518+05:30  INFO 15304 --- [-kit-executor-3] kafka.log.UnifiedLog$                    : [LogLoader partition=__cluster_metadata-0, dir=C:\Users\sachi\AppData\Local\Temp\kafka-8421187435840485386\controller_0] Reloading from producer snapshot and rebuilding producer state from offset 0
2025-09-24T05:37:05.518+05:30  INFO 15304 --- [-kit-executor-3] kafka.log.UnifiedLog$                    : [LogLoader partition=__cluster_metadata-0, dir=C:\Users\sachi\AppData\Local\Temp\kafka-8421187435840485386\controller_0] Producer state recovery took 0ms for snapshot load and 0ms for segment recovery from offset 0
2025-09-24T05:37:05.561+05:30  INFO 15304 --- [-kit-executor-3] kafka.raft.KafkaMetadataLog$             : Initialized snapshots with IDs SortedSet() from C:\Users\sachi\AppData\Local\Temp\kafka-8421187435840485386\controller_0\__cluster_metadata-0
2025-09-24T05:37:05.611+05:30  INFO 15304 --- [piration-reaper] ExpirationService$ExpiredOperationReaper : [raft-expiration-reaper]: Starting
2025-09-24T05:37:05.657+05:30  INFO 15304 --- [-kit-executor-3] org.apache.kafka.raft.QuorumState        : [RaftManager id=0] Completed transition to Unattached(epoch=0, voters=[0], electionTimeoutMs=1055) from null
2025-09-24T05:37:05.677+05:30  INFO 15304 --- [-kit-executor-3] org.apache.kafka.raft.QuorumState        : [RaftManager id=0] Completed transition to CandidateState(localId=0, epoch=1, retries=1, voteStates={0=GRANTED}, highWatermark=Optional.empty, electionTimeoutMs=1110) from Unattached(epoch=0, voters=[0], electionTimeoutMs=1055)
2025-09-24T05:37:05.679+05:30  INFO 15304 --- [-kit-executor-3] org.apache.kafka.raft.QuorumState        : [RaftManager id=0] Completed transition to Leader(localId=0, epoch=1, epochStartOffset=0, highWatermark=Optional.empty, voterStates={0=ReplicaState(nodeId=0, endOffset=Optional.empty, lastFetchTimestamp=-1, lastCaughtUpTimestamp=-1, hasAcknowledgedLeader=true)}) from CandidateState(localId=0, epoch=1, retries=1, voteStates={0=GRANTED}, highWatermark=Optional.empty, electionTimeoutMs=1110)
2025-09-24T05:37:05.796+05:30  INFO 15304 --- [-kit-executor-2] kafka.network.ConnectionQuotas           : Updated connection-accept-rate max connection creation rate to 2147483647
2025-09-24T05:37:05.809+05:30  INFO 15304 --- [-kit-executor-2] kafka.network.DataPlaneAcceptor          : Awaiting socket connections on localhost:52127.
2025-09-24T05:37:05.809+05:30  INFO 15304 --- [-kit-executor-2] kafka.network.DataPlaneAcceptor          : Opened wildcard endpoint localhost:52127
2025-09-24T05:37:05.829+05:30  INFO 15304 --- [-kit-executor-2] kafka.network.SocketServer               : [SocketServer listenerType=CONTROLLER, nodeId=0] Created data-plane acceptor and processors for endpoint : ListenerName(CONTROLLER)
2025-09-24T05:37:05.835+05:30  INFO 15304 --- [-raft-io-thread] k.raft.KafkaRaftManager$RaftIoThread     : [kafka-0-raft-io-thread]: Starting
2025-09-24T05:37:05.835+05:30  INFO 15304 --- [-request-thread] kafka.raft.RaftSendThread                : [kafka-0-raft-outbound-request-thread]: Starting
2025-09-24T05:37:05.857+05:30  INFO 15304 --- [-raft-io-thread] org.apache.kafka.raft.LeaderState        : [RaftManager id=0] High watermark set to LogOffsetMetadata(offset=1, metadata=Optional[(segmentBaseOffset=0,relativePositionInSegment=91)]) for the first time for epoch 1 based on indexOfHw 0 and voters [ReplicaState(nodeId=0, endOffset=Optional[LogOffsetMetadata(offset=1, metadata=Optional[(segmentBaseOffset=0,relativePositionInSegment=91)])], lastFetchTimestamp=-1, lastCaughtUpTimestamp=-1, hasAcknowledgedLeader=true)]
2025-09-24T05:37:05.866+05:30  INFO 15304 --- [r-event-handler] o.a.kafka.image.loader.MetadataLoader    : [MetadataLoader id=0] initializeNewPublishers: The loader is still catching up because we have loaded up to offset -1, but the high water mark is 1
2025-09-24T05:37:05.867+05:30  INFO 15304 --- [-kit-executor-3] kafka.server.BrokerServer                : [BrokerServer id=0] Starting broker
2025-09-24T05:37:05.867+05:30  INFO 15304 --- [-kit-executor-2] kafka.server.ControllerServer            : [ControllerServer id=0] Waiting for controller quorum voters future
2025-09-24T05:37:05.867+05:30  INFO 15304 --- [-kit-executor-2] kafka.server.ControllerServer            : [ControllerServer id=0] Finished waiting for controller quorum voters future
2025-09-24T05:37:05.867+05:30  INFO 15304 --- [-raft-io-thread] org.apache.kafka.raft.KafkaRaftClient    : [RaftManager id=0] Registered the listener org.apache.kafka.image.loader.MetadataLoader@28225604
2025-09-24T05:37:05.885+05:30  INFO 15304 --- [r-event-handler] o.a.kafka.image.loader.MetadataLoader    : [MetadataLoader id=0] maybePublishMetadata(LOG_DELTA): The loader is still catching up because we have not loaded a controller record as of offset 0 and high water mark is 1
2025-09-24T05:37:05.885+05:30  INFO 15304 --- [nelReaper-Fetch] lientQuotaManager$ThrottledChannelReaper : [broker-0-ThrottledChannelReaper-Fetch]: Starting
2025-09-24T05:37:05.885+05:30  INFO 15304 --- [lReaper-Produce] lientQuotaManager$ThrottledChannelReaper : [broker-0-ThrottledChannelReaper-Produce]: Starting
2025-09-24T05:37:05.885+05:30  INFO 15304 --- [lReaper-Request] lientQuotaManager$ThrottledChannelReaper : [broker-0-ThrottledChannelReaper-Request]: Starting
2025-09-24T05:37:05.885+05:30  INFO 15304 --- [trollerMutation] lientQuotaManager$ThrottledChannelReaper : [broker-0-ThrottledChannelReaper-ControllerMutation]: Starting
2025-09-24T05:37:05.901+05:30  INFO 15304 --- [-kit-executor-3] kafka.log.LogManager                     : Log directory C:\Users\sachi\AppData\Local\Temp\kafka-8421187435840485386\broker_0_data0 not found, creating it.
2025-09-24T05:37:05.901+05:30  INFO 15304 --- [-kit-executor-2] o.a.kafka.controller.QuorumController    : [QuorumController id=0] Creating new QuorumController with clusterId lrSVEYsaR2ewBVdhLUe_Hg.
2025-09-24T05:37:05.901+05:30  INFO 15304 --- [-raft-io-thread] org.apache.kafka.raft.KafkaRaftClient    : [RaftManager id=0] Registered the listener org.apache.kafka.controller.QuorumController$QuorumMetaLogListener@872179839
2025-09-24T05:37:05.901+05:30  INFO 15304 --- [nelReaper-Fetch] lientQuotaManager$ThrottledChannelReaper : [controller-0-ThrottledChannelReaper-Fetch]: Starting
2025-09-24T05:37:05.901+05:30  INFO 15304 --- [lReaper-Produce] lientQuotaManager$ThrottledChannelReaper : [controller-0-ThrottledChannelReaper-Produce]: Starting
2025-09-24T05:37:05.901+05:30  INFO 15304 --- [trollerMutation] lientQuotaManager$ThrottledChannelReaper : [controller-0-ThrottledChannelReaper-ControllerMutation]: Starting
2025-09-24T05:37:05.901+05:30  INFO 15304 --- [lReaper-Request] lientQuotaManager$ThrottledChannelReaper : [controller-0-ThrottledChannelReaper-Request]: Starting
2025-09-24T05:37:05.914+05:30  INFO 15304 --- [0-event-handler] o.a.kafka.controller.QuorumController    : [QuorumController id=0] Becoming the active controller at epoch 1, next write offset 1.
2025-09-24T05:37:05.916+05:30  INFO 15304 --- [-kit-executor-3] kafka.server.BrokerServer                : [BrokerServer id=0] Waiting for controller quorum voters future
2025-09-24T05:37:05.916+05:30  INFO 15304 --- [-kit-executor-3] kafka.server.BrokerServer                : [BrokerServer id=0] Finished waiting for controller quorum voters future
2025-09-24T05:37:05.916+05:30  WARN 15304 --- [0-event-handler] o.a.kafka.controller.QuorumController    : [QuorumController id=0] Performing controller activation. The metadata log appears to be empty. Appending 1 bootstrap record(s) in metadata transaction at metadata.version 3.6-IV2 from bootstrap source 'testkit'. Setting the ZK migration state to NONE since this is a de-novo KRaft cluster.
2025-09-24T05:37:05.916+05:30  INFO 15304 --- [0-event-handler] o.a.k.controller.OffsetControlManager    : [QuorumController id=0] Replayed BeginTransactionRecord(name='Bootstrap records') at offset 1.
2025-09-24T05:37:05.916+05:30  INFO 15304 --- [0-event-handler] o.a.k.controller.FeatureControlManager   : [QuorumController id=0] Replayed a FeatureLevelRecord setting metadata version to 3.6-IV2
2025-09-24T05:37:05.916+05:30  INFO 15304 --- [channel-manager] k.s.BrokerToControllerRequestThread      : [broker-0-to-controller-forwarding-channel-manager]: Starting
2025-09-24T05:37:05.916+05:30  INFO 15304 --- [0-event-handler] o.a.k.controller.OffsetControlManager    : [QuorumController id=0] Replayed EndTransactionRecord() at offset 4.
2025-09-24T05:37:05.916+05:30  INFO 15304 --- [channel-manager] k.s.BrokerToControllerRequestThread      : [broker-0-to-controller-forwarding-channel-manager]: Recorded new controller, from now on will use node localhost:52127 (id: 0 rack: null)
2025-09-24T05:37:05.929+05:30  INFO 15304 --- [per-0-AlterAcls] perationPurgatory$ExpiredOperationReaper : [ExpirationReaper-0-AlterAcls]: Starting
2025-09-24T05:37:05.955+05:30  INFO 15304 --- [-kit-executor-2] kafka.server.ControllerServer            : [ControllerServer id=0] Waiting for the controller metadata publishers to be installed
2025-09-24T05:37:05.955+05:30  INFO 15304 --- [r-event-handler] o.a.kafka.image.loader.MetadataLoader    : [MetadataLoader id=0] initializeNewPublishers: The loader is still catching up because we have loaded up to offset 0, but the high water mark is 5
2025-09-24T05:37:05.955+05:30  INFO 15304 --- [-kit-executor-2] kafka.server.ControllerServer            : [ControllerServer id=0] Finished waiting for the controller metadata publishers to be installed
2025-09-24T05:37:05.955+05:30  INFO 15304 --- [-kit-executor-2] kafka.network.SocketServer               : [SocketServer listenerType=CONTROLLER, nodeId=0] Enabling request processing.
2025-09-24T05:37:05.955+05:30  INFO 15304 --- [-kit-executor-3] kafka.network.ConnectionQuotas           : Updated connection-accept-rate max connection creation rate to 2147483647
2025-09-24T05:37:05.962+05:30  INFO 15304 --- [-kit-executor-3] kafka.network.DataPlaneAcceptor          : Awaiting socket connections on localhost:52128.
2025-09-24T05:37:05.962+05:30  INFO 15304 --- [-kit-executor-3] kafka.network.DataPlaneAcceptor          : Opened wildcard endpoint localhost:52128
2025-09-24T05:37:05.964+05:30  INFO 15304 --- [-kit-executor-2] kafka.server.ControllerServer            : [ControllerServer id=0] Waiting for all of the authorizer futures to be completed
2025-09-24T05:37:05.964+05:30  INFO 15304 --- [-kit-executor-2] kafka.server.ControllerServer            : [ControllerServer id=0] Finished waiting for all of the authorizer futures to be completed
2025-09-24T05:37:05.964+05:30  INFO 15304 --- [-kit-executor-2] kafka.server.ControllerServer            : [ControllerServer id=0] Waiting for all of the SocketServer Acceptors to be started
2025-09-24T05:37:05.964+05:30  INFO 15304 --- [-kit-executor-2] kafka.server.ControllerServer            : [ControllerServer id=0] Finished waiting for all of the SocketServer Acceptors to be started
2025-09-24T05:37:05.971+05:30  INFO 15304 --- [r-event-handler] o.a.kafka.image.loader.MetadataLoader    : [MetadataLoader id=0] maybePublishMetadata(LOG_DELTA): The loader finished catching up to the current high water mark of 5
2025-09-24T05:37:05.973+05:30  INFO 15304 --- [-kit-executor-3] kafka.network.SocketServer               : [SocketServer listenerType=BROKER, nodeId=0] Created data-plane acceptor and processors for endpoint : ListenerName(EXTERNAL)
2025-09-24T05:37:05.973+05:30  INFO 15304 --- [channel-manager] k.s.BrokerToControllerRequestThread      : [broker-0-to-controller-alter-partition-channel-manager]: Starting
2025-09-24T05:37:05.973+05:30  INFO 15304 --- [channel-manager] k.s.BrokerToControllerRequestThread      : [broker-0-to-controller-alter-partition-channel-manager]: Recorded new controller, from now on will use node localhost:52127 (id: 0 rack: null)
2025-09-24T05:37:06.000+05:30  INFO 15304 --- [eaper-0-Produce] perationPurgatory$ExpiredOperationReaper : [ExpirationReaper-0-Produce]: Starting
2025-09-24T05:37:06.000+05:30  INFO 15304 --- [nReaper-0-Fetch] perationPurgatory$ExpiredOperationReaper : [ExpirationReaper-0-Fetch]: Starting
2025-09-24T05:37:06.000+05:30  INFO 15304 --- [0-DeleteRecords] perationPurgatory$ExpiredOperationReaper : [ExpirationReaper-0-DeleteRecords]: Starting
2025-09-24T05:37:06.000+05:30  INFO 15304 --- [r-0-ElectLeader] perationPurgatory$ExpiredOperationReaper : [ExpirationReaper-0-ElectLeader]: Starting
2025-09-24T05:37:06.000+05:30  INFO 15304 --- [r-0-RemoteFetch] perationPurgatory$ExpiredOperationReaper : [ExpirationReaper-0-RemoteFetch]: Starting
2025-09-24T05:37:06.032+05:30  INFO 15304 --- [per-0-Heartbeat] perationPurgatory$ExpiredOperationReaper : [ExpirationReaper-0-Heartbeat]: Starting
2025-09-24T05:37:06.032+05:30  INFO 15304 --- [per-0-Rebalance] perationPurgatory$ExpiredOperationReaper : [ExpirationReaper-0-Rebalance]: Starting
2025-09-24T05:37:06.064+05:30  INFO 15304 --- [r-event-handler] o.a.kafka.image.loader.MetadataLoader    : [MetadataLoader id=0] InitializeNewPublishers: initializing SnapshotGenerator with a snapshot at offset 4
2025-09-24T05:37:06.064+05:30  INFO 15304 --- [r-event-handler] o.a.kafka.image.loader.MetadataLoader    : [MetadataLoader id=0] InitializeNewPublishers: initializing FeaturesPublisher with a snapshot at offset 4
2025-09-24T05:37:06.069+05:30  INFO 15304 --- [r-event-handler] o.a.kafka.image.loader.MetadataLoader    : [MetadataLoader id=0] InitializeNewPublishers: initializing DynamicConfigPublisher controller id=0 with a snapshot at offset 4
2025-09-24T05:37:06.069+05:30  INFO 15304 --- [r-event-handler] o.a.kafka.image.loader.MetadataLoader    : [MetadataLoader id=0] InitializeNewPublishers: initializing DynamicClientQuotaPublisher controller id=0 with a snapshot at offset 4
2025-09-24T05:37:06.069+05:30  INFO 15304 --- [r-event-handler] o.a.kafka.image.loader.MetadataLoader    : [MetadataLoader id=0] InitializeNewPublishers: initializing ScramPublisher controller id=0 with a snapshot at offset 4
2025-09-24T05:37:06.069+05:30  INFO 15304 --- [r-event-handler] o.a.kafka.image.loader.MetadataLoader    : [MetadataLoader id=0] InitializeNewPublishers: initializing DelegationTokenPublisher controller id=0 with a snapshot at offset 4
2025-09-24T05:37:06.069+05:30  INFO 15304 --- [r-event-handler] o.a.kafka.image.loader.MetadataLoader    : [MetadataLoader id=0] InitializeNewPublishers: initializing ControllerMetadataMetricsPublisher with a snapshot at offset 4
2025-09-24T05:37:06.069+05:30  INFO 15304 --- [r-event-handler] o.a.kafka.image.loader.MetadataLoader    : [MetadataLoader id=0] InitializeNewPublishers: initializing AclPublisher controller id=0 with a snapshot at offset 4
2025-09-24T05:37:06.080+05:30  INFO 15304 --- [channel-manager] k.s.BrokerToControllerRequestThread      : [broker-0-to-controller-heartbeat-channel-manager]: Starting
2025-09-24T05:37:06.080+05:30  INFO 15304 --- [channel-manager] k.s.BrokerToControllerRequestThread      : [broker-0-to-controller-heartbeat-channel-manager]: Recorded new controller, from now on will use node localhost:52127 (id: 0 rack: null)
2025-09-24T05:37:06.080+05:30  INFO 15304 --- [r-event-handler] kafka.server.BrokerLifecycleManager      : [BrokerLifecycleManager id=0] Incarnation sYWbAQzWRKupy_Z-hNf4Dw of broker 0 in cluster lrSVEYsaR2ewBVdhLUe_Hg is now STARTING.
2025-09-24T05:37:06.108+05:30  INFO 15304 --- [per-0-AlterAcls] perationPurgatory$ExpiredOperationReaper : [ExpirationReaper-0-AlterAcls]: Starting
2025-09-24T05:37:06.124+05:30  INFO 15304 --- [-kit-executor-3] kafka.server.BrokerServer                : [BrokerServer id=0] Waiting for the broker metadata publishers to be installed
2025-09-24T05:37:06.124+05:30  INFO 15304 --- [r-event-handler] o.a.kafka.image.loader.MetadataLoader    : [MetadataLoader id=0] InitializeNewPublishers: initializing BrokerMetadataPublisher with a snapshot at offset 4
2025-09-24T05:37:06.124+05:30  INFO 15304 --- [-kit-executor-3] kafka.server.BrokerServer                : [BrokerServer id=0] Finished waiting for the broker metadata publishers to be installed
2025-09-24T05:37:06.124+05:30  INFO 15304 --- [-kit-executor-3] kafka.server.BrokerServer                : [BrokerServer id=0] Waiting for the controller to acknowledge that we are caught up
2025-09-24T05:37:06.124+05:30  INFO 15304 --- [r-event-handler] k.s.metadata.BrokerMetadataPublisher     : [BrokerMetadataPublisher id=0] Publishing initial metadata at offset OffsetAndEpoch(offset=4, epoch=1) with metadata.version 3.6-IV2.
2025-09-24T05:37:06.124+05:30  INFO 15304 --- [r-event-handler] kafka.log.LogManager                     : Loading logs from log dirs ArraySeq(C:\Users\sachi\AppData\Local\Temp\kafka-8421187435840485386\broker_0_data0)
2025-09-24T05:37:06.137+05:30  INFO 15304 --- [r-event-handler] kafka.log.LogManager                     : No logs found to be loaded in C:\Users\sachi\AppData\Local\Temp\kafka-8421187435840485386\broker_0_data0
2025-09-24T05:37:06.137+05:30  INFO 15304 --- [r-event-handler] kafka.log.LogManager                     : Loaded 0 logs in 13ms
2025-09-24T05:37:06.137+05:30  INFO 15304 --- [r-event-handler] kafka.log.LogManager                     : Starting log cleanup with a period of 300000 ms.
2025-09-24T05:37:06.137+05:30  INFO 15304 --- [r-event-handler] kafka.log.LogManager                     : Starting log flusher with a default period of 9223372036854775807 ms.
2025-09-24T05:37:06.168+05:30  INFO 15304 --- [r-event-handler] kafka.log.LogCleaner                     : Starting the log cleaner
2025-09-24T05:37:06.168+05:30  INFO 15304 --- [0-event-handler] o.a.k.controller.ClusterControlManager   : [QuorumController id=0] Replayed initial RegisterBrokerRecord for broker 0: RegisterBrokerRecord(brokerId=0, isMigratingZkBroker=false, incarnationId=sYWbAQzWRKupy_Z-hNf4Dw, brokerEpoch=5, endPoints=[BrokerEndpoint(name='EXTERNAL', host='localhost', port=52128, securityProtocol=0)], features=[BrokerFeature(name='metadata.version', minSupportedVersion=1, maxSupportedVersion=14)], rack=null, fenced=true, inControlledShutdown=false)
2025-09-24T05:37:06.168+05:30  INFO 15304 --- [leaner-thread-0] kafka.log.LogCleaner$CleanerThread       : [kafka-log-cleaner-thread-0]: Starting
2025-09-24T05:37:06.168+05:30  INFO 15304 --- [rFailureHandler] k.s.ReplicaManager$LogDirFailureHandler  : [LogDirFailureHandler]: Starting
2025-09-24T05:37:06.168+05:30  INFO 15304 --- [nSenderThread-0] kafka.server.AddPartitionsToTxnManager   : [AddPartitionsToTxnSenderThread-0]: Starting
2025-09-24T05:37:06.168+05:30  INFO 15304 --- [r-event-handler] k.coordinator.group.GroupCoordinator     : [GroupCoordinator 0]: Starting up.
2025-09-24T05:37:06.184+05:30  INFO 15304 --- [r-event-handler] k.coordinator.group.GroupCoordinator     : [GroupCoordinator 0]: Startup complete.
2025-09-24T05:37:06.184+05:30  INFO 15304 --- [r-event-handler] k.c.transaction.TransactionCoordinator   : [TransactionCoordinator id=0] Starting up.
2025-09-24T05:37:06.184+05:30  INFO 15304 --- [rSenderThread-0] k.c.t.TransactionMarkerChannelManager    : [TxnMarkerSenderThread-0]: Starting
2025-09-24T05:37:06.184+05:30  INFO 15304 --- [r-event-handler] k.c.transaction.TransactionCoordinator   : [TransactionCoordinator id=0] Startup complete.
2025-09-24T05:37:06.184+05:30  INFO 15304 --- [r-event-handler] k.s.metadata.BrokerMetadataPublisher     : [BrokerMetadataPublisher id=0] Updating metadata.version to 14 at offset OffsetAndEpoch(offset=4, epoch=1).
2025-09-24T05:37:06.204+05:30  INFO 15304 --- [channel-manager] kafka.server.BrokerLifecycleManager      : [BrokerLifecycleManager id=0] Successfully registered broker 0 with broker epoch 5
2025-09-24T05:37:06.204+05:30  INFO 15304 --- [channel-manager] kafka.server.BrokerLifecycleManager      : [BrokerLifecycleManager id=0] The broker has caught up. Transitioning from STARTING to RECOVERY.
2025-09-24T05:37:06.204+05:30  INFO 15304 --- [-kit-executor-3] kafka.server.BrokerServer                : [BrokerServer id=0] Finished waiting for the controller to acknowledge that we are caught up
2025-09-24T05:37:06.204+05:30  INFO 15304 --- [-kit-executor-3] kafka.server.BrokerServer                : [BrokerServer id=0] Waiting for the initial broker metadata update to be published
2025-09-24T05:37:06.204+05:30  INFO 15304 --- [-kit-executor-3] kafka.server.BrokerServer                : [BrokerServer id=0] Finished waiting for the initial broker metadata update to be published
2025-09-24T05:37:06.204+05:30  INFO 15304 --- [-kit-executor-3] kafka.server.KafkaConfig                 : KafkaConfig values: 
	advertised.listeners = null
	alter.config.policy.class.name = null
	alter.log.dirs.replication.quota.window.num = 11
	alter.log.dirs.replication.quota.window.size.seconds = 1
	authorizer.class.name = 
	auto.create.topics.enable = true
	auto.include.jmx.reporter = true
	auto.leader.rebalance.enable = true
	background.threads = 10
	broker.heartbeat.interval.ms = 2000
	broker.id = 0
	broker.id.generation.enable = true
	broker.rack = null
	broker.session.timeout.ms = 9000
	client.quota.callback.class = null
	compression.type = producer
	connection.failed.authentication.delay.ms = 100
	connections.max.idle.ms = 600000
	connections.max.reauth.ms = 0
	control.plane.listener.name = null
	controlled.shutdown.enable = true
	controlled.shutdown.max.retries = 3
	controlled.shutdown.retry.backoff.ms = 5000
	controller.listener.names = CONTROLLER
	controller.quorum.append.linger.ms = 25
	controller.quorum.election.backoff.max.ms = 1000
	controller.quorum.election.timeout.ms = 1000
	controller.quorum.fetch.timeout.ms = 2000
	controller.quorum.request.timeout.ms = 2000
	controller.quorum.retry.backoff.ms = 20
	controller.quorum.voters = [0@0.0.0.0:0]
	controller.quota.window.num = 11
	controller.quota.window.size.seconds = 1
	controller.socket.timeout.ms = 30000
	create.topic.policy.class.name = null
	default.replication.factor = 1
	delegation.token.expiry.check.interval.ms = 3600000
	delegation.token.expiry.time.ms = 86400000
	delegation.token.master.key = null
	delegation.token.max.lifetime.ms = 604800000
	delegation.token.secret.key = null
	delete.records.purgatory.purge.interval.requests = 1
	delete.topic.enable = true
	early.start.listeners = null
	fetch.max.bytes = 57671680
	fetch.purgatory.purge.interval.requests = 1000
	group.consumer.assignors = [org.apache.kafka.coordinator.group.assignor.RangeAssignor]
	group.consumer.heartbeat.interval.ms = 5000
	group.consumer.max.heartbeat.interval.ms = 15000
	group.consumer.max.session.timeout.ms = 60000
	group.consumer.max.size = 2147483647
	group.consumer.min.heartbeat.interval.ms = 5000
	group.consumer.min.session.timeout.ms = 45000
	group.consumer.session.timeout.ms = 45000
	group.coordinator.new.enable = false
	group.coordinator.threads = 1
	group.initial.rebalance.delay.ms = 0
	group.max.session.timeout.ms = 1800000
	group.max.size = 2147483647
	group.min.session.timeout.ms = 6000
	initial.broker.registration.timeout.ms = 60000
	inter.broker.listener.name = EXTERNAL
	inter.broker.protocol.version = 3.6-IV2
	kafka.metrics.polling.interval.secs = 10
	kafka.metrics.reporters = []
	leader.imbalance.check.interval.seconds = 300
	leader.imbalance.per.broker.percentage = 10
	listener.security.protocol.map = EXTERNAL:PLAINTEXT,CONTROLLER:PLAINTEXT
	listeners = EXTERNAL://localhost:0,CONTROLLER://localhost:0
	log.cleaner.backoff.ms = 15000
	log.cleaner.dedupe.buffer.size = 2097152
	log.cleaner.delete.retention.ms = 86400000
	log.cleaner.enable = true
	log.cleaner.io.buffer.load.factor = 0.9
	log.cleaner.io.buffer.size = 524288
	log.cleaner.io.max.bytes.per.second = 1.7976931348623157E308
	log.cleaner.max.compaction.lag.ms = 9223372036854775807
	log.cleaner.min.cleanable.ratio = 0.5
	log.cleaner.min.compaction.lag.ms = 0
	log.cleaner.threads = 1
	log.cleanup.policy = [delete]
	log.dir = /tmp/kafka-logs
	log.dirs = C:\Users\sachi\AppData\Local\Temp\kafka-8421187435840485386\broker_0_data0
	log.flush.interval.messages = 9223372036854775807
	log.flush.interval.ms = null
	log.flush.offset.checkpoint.interval.ms = 60000
	log.flush.scheduler.interval.ms = 9223372036854775807
	log.flush.start.offset.checkpoint.interval.ms = 60000
	log.index.interval.bytes = 4096
	log.index.size.max.bytes = 10485760
	log.local.retention.bytes = -2
	log.local.retention.ms = -2
	log.message.downconversion.enable = true
	log.message.format.version = 3.0-IV1
	log.message.timestamp.after.max.ms = 9223372036854775807
	log.message.timestamp.before.max.ms = 9223372036854775807
	log.message.timestamp.difference.max.ms = 9223372036854775807
	log.message.timestamp.type = CreateTime
	log.preallocate = false
	log.retention.bytes = -1
	log.retention.check.interval.ms = 300000
	log.retention.hours = 168
	log.retention.minutes = null
	log.retention.ms = null
	log.roll.hours = 168
	log.roll.jitter.hours = 0
	log.roll.jitter.ms = null
	log.roll.ms = null
	log.segment.bytes = 1073741824
	log.segment.delete.delay.ms = 60000
	max.connection.creation.rate = 2147483647
	max.connections = 2147483647
	max.connections.per.ip = 2147483647
	max.connections.per.ip.overrides = 
	max.incremental.fetch.session.cache.slots = 1000
	message.max.bytes = 1048588
	metadata.log.dir = C:\Users\sachi\AppData\Local\Temp\kafka-8421187435840485386\controller_0
	metadata.log.max.record.bytes.between.snapshots = 20971520
	metadata.log.max.snapshot.interval.ms = 3600000
	metadata.log.segment.bytes = 1073741824
	metadata.log.segment.min.bytes = 8388608
	metadata.log.segment.ms = 604800000
	metadata.max.idle.interval.ms = 500
	metadata.max.retention.bytes = 104857600
	metadata.max.retention.ms = 604800000
	metric.reporters = []
	metrics.num.samples = 2
	metrics.recording.level = INFO
	metrics.sample.window.ms = 30000
	min.insync.replicas = 1
	node.id = 0
	num.io.threads = 8
	num.network.threads = 3
	num.partitions = 1
	num.recovery.threads.per.data.dir = 1
	num.replica.alter.log.dirs.threads = null
	num.replica.fetchers = 1
	offset.metadata.max.bytes = 4096
	offsets.commit.required.acks = -1
	offsets.commit.timeout.ms = 5000
	offsets.load.buffer.size = 5242880
	offsets.retention.check.interval.ms = 600000
	offsets.retention.minutes = 10080
	offsets.topic.compression.codec = 0
	offsets.topic.num.partitions = 50
	offsets.topic.replication.factor = 1
	offsets.topic.segment.bytes = 104857600
	password.encoder.cipher.algorithm = AES/CBC/PKCS5Padding
	password.encoder.iterations = 4096
	password.encoder.key.length = 128
	password.encoder.keyfactory.algorithm = null
	password.encoder.old.secret = null
	password.encoder.secret = null
	principal.builder.class = class org.apache.kafka.common.security.authenticator.DefaultKafkaPrincipalBuilder
	process.roles = [broker, controller]
	producer.id.expiration.check.interval.ms = 600000
	producer.id.expiration.ms = 86400000
	producer.purgatory.purge.interval.requests = 1000
	queued.max.request.bytes = -1
	queued.max.requests = 500
	quota.window.num = 11
	quota.window.size.seconds = 1
	remote.log.index.file.cache.total.size.bytes = 1073741824
	remote.log.manager.task.interval.ms = 30000
	remote.log.manager.task.retry.backoff.max.ms = 30000
	remote.log.manager.task.retry.backoff.ms = 500
	remote.log.manager.task.retry.jitter = 0.2
	remote.log.manager.thread.pool.size = 10
	remote.log.metadata.custom.metadata.max.bytes = 128
	remote.log.metadata.manager.class.name = org.apache.kafka.server.log.remote.metadata.storage.TopicBasedRemoteLogMetadataManager
	remote.log.metadata.manager.class.path = null
	remote.log.metadata.manager.impl.prefix = rlmm.config.
	remote.log.metadata.manager.listener.name = null
	remote.log.reader.max.pending.tasks = 100
	remote.log.reader.threads = 10
	remote.log.storage.manager.class.name = null
	remote.log.storage.manager.class.path = null
	remote.log.storage.manager.impl.prefix = rsm.config.
	remote.log.storage.system.enable = false
	replica.fetch.backoff.ms = 1000
	replica.fetch.max.bytes = 1048576
	replica.fetch.min.bytes = 1
	replica.fetch.response.max.bytes = 10485760
	replica.fetch.wait.max.ms = 500
	replica.high.watermark.checkpoint.interval.ms = 5000
	replica.lag.time.max.ms = 30000
	replica.selector.class = null
	replica.socket.receive.buffer.bytes = 65536
	replica.socket.timeout.ms = 30000
	replication.quota.window.num = 11
	replication.quota.window.size.seconds = 1
	request.timeout.ms = 30000
	reserved.broker.max.id = 1000
	sasl.client.callback.handler.class = null
	sasl.enabled.mechanisms = [GSSAPI]
	sasl.jaas.config = null
	sasl.kerberos.kinit.cmd = /usr/bin/kinit
	sasl.kerberos.min.time.before.relogin = 60000
	sasl.kerberos.principal.to.local.rules = [DEFAULT]
	sasl.kerberos.service.name = null
	sasl.kerberos.ticket.renew.jitter = 0.05
	sasl.kerberos.ticket.renew.window.factor = 0.8
	sasl.login.callback.handler.class = null
	sasl.login.class = null
	sasl.login.connect.timeout.ms = null
	sasl.login.read.timeout.ms = null
	sasl.login.refresh.buffer.seconds = 300
	sasl.login.refresh.min.period.seconds = 60
	sasl.login.refresh.window.factor = 0.8
	sasl.login.refresh.window.jitter = 0.05
	sasl.login.retry.backoff.max.ms = 10000
	sasl.login.retry.backoff.ms = 100
	sasl.mechanism.controller.protocol = GSSAPI
	sasl.mechanism.inter.broker.protocol = GSSAPI
	sasl.oauthbearer.clock.skew.seconds = 30
	sasl.oauthbearer.expected.audience = null
	sasl.oauthbearer.expected.issuer = null
	sasl.oauthbearer.jwks.endpoint.refresh.ms = 3600000
	sasl.oauthbearer.jwks.endpoint.retry.backoff.max.ms = 10000
	sasl.oauthbearer.jwks.endpoint.retry.backoff.ms = 100
	sasl.oauthbearer.jwks.endpoint.url = null
	sasl.oauthbearer.scope.claim.name = scope
	sasl.oauthbearer.sub.claim.name = sub
	sasl.oauthbearer.token.endpoint.url = null
	sasl.server.callback.handler.class = null
	sasl.server.max.receive.size = 524288
	security.inter.broker.protocol = PLAINTEXT
	security.providers = null
	server.max.startup.time.ms = 600000
	socket.connection.setup.timeout.max.ms = 30000
	socket.connection.setup.timeout.ms = 10000
	socket.listen.backlog.size = 50
	socket.receive.buffer.bytes = 102400
	socket.request.max.bytes = 104857600
	socket.send.buffer.bytes = 102400
	ssl.cipher.suites = []
	ssl.client.auth = none
	ssl.enabled.protocols = [TLSv1.2, TLSv1.3]
	ssl.endpoint.identification.algorithm = https
	ssl.engine.factory.class = null
	ssl.key.password = null
	ssl.keymanager.algorithm = SunX509
	ssl.keystore.certificate.chain = null
	ssl.keystore.key = null
	ssl.keystore.location = null
	ssl.keystore.password = null
	ssl.keystore.type = JKS
	ssl.principal.mapping.rules = DEFAULT
	ssl.protocol = TLSv1.3
	ssl.provider = null
	ssl.secure.random.implementation = null
	ssl.trustmanager.algorithm = PKIX
	ssl.truststore.certificates = null
	ssl.truststore.location = null
	ssl.truststore.password = null
	ssl.truststore.type = JKS
	transaction.abort.timed.out.transaction.cleanup.interval.ms = 10000
	transaction.max.timeout.ms = 900000
	transaction.partition.verification.enable = true
	transaction.remove.expired.transaction.cleanup.interval.ms = 3600000
	transaction.state.log.load.buffer.size = 5242880
	transaction.state.log.min.isr = 2
	transaction.state.log.num.partitions = 50
	transaction.state.log.replication.factor = 3
	transaction.state.log.segment.bytes = 104857600
	transactional.id.expiration.ms = 604800000
	unclean.leader.election.enable = false
	unstable.api.versions.enable = false
	zookeeper.clientCnxnSocket = null
	zookeeper.connect = null
	zookeeper.connection.timeout.ms = null
	zookeeper.max.in.flight.requests = 10
	zookeeper.metadata.migration.enable = false
	zookeeper.metadata.migration.min.batch.size = 200
	zookeeper.session.timeout.ms = 18000
	zookeeper.set.acl = false
	zookeeper.ssl.cipher.suites = null
	zookeeper.ssl.client.enable = false
	zookeeper.ssl.crl.enable = false
	zookeeper.ssl.enabled.protocols = null
	zookeeper.ssl.endpoint.identification.algorithm = HTTPS
	zookeeper.ssl.keystore.location = null
	zookeeper.ssl.keystore.password = null
	zookeeper.ssl.keystore.type = null
	zookeeper.ssl.ocsp.enable = false
	zookeeper.ssl.protocol = TLSv1.2
	zookeeper.ssl.truststore.location = null
	zookeeper.ssl.truststore.password = null
	zookeeper.ssl.truststore.type = null

2025-09-24T05:37:06.217+05:30  INFO 15304 --- [-kit-executor-3] kafka.server.BrokerServer                : [BrokerServer id=0] Waiting for the broker to be unfenced
2025-09-24T05:37:06.217+05:30  INFO 15304 --- [0-event-handler] o.a.k.controller.BrokerHeartbeatManager  : [QuorumController id=0] The request from broker 0 to unfence has been granted because it has caught up with the offset of its register broker record 5.
2025-09-24T05:37:06.227+05:30  INFO 15304 --- [0-event-handler] o.a.k.controller.ClusterControlManager   : [QuorumController id=0] Replayed BrokerRegistrationChangeRecord modifying the registration for broker 0: BrokerRegistrationChangeRecord(brokerId=0, brokerEpoch=5, fenced=-1, inControlledShutdown=0)
2025-09-24T05:37:06.264+05:30  INFO 15304 --- [channel-manager] kafka.server.BrokerLifecycleManager      : [BrokerLifecycleManager id=0] The broker has been unfenced. Transitioning from RECOVERY to RUNNING.
2025-09-24T05:37:06.264+05:30  INFO 15304 --- [-kit-executor-3] kafka.server.BrokerServer                : [BrokerServer id=0] Finished waiting for the broker to be unfenced
2025-09-24T05:37:06.264+05:30  INFO 15304 --- [-kit-executor-3] o.a.k.s.network.EndpointReadyFutures     : authorizerStart completed for endpoint EXTERNAL. Endpoint is now READY.
2025-09-24T05:37:06.264+05:30  INFO 15304 --- [-kit-executor-3] kafka.network.SocketServer               : [SocketServer listenerType=BROKER, nodeId=0] Enabling request processing.
2025-09-24T05:37:06.264+05:30  INFO 15304 --- [-kit-executor-3] kafka.server.BrokerServer                : [BrokerServer id=0] Waiting for all of the authorizer futures to be completed
2025-09-24T05:37:06.264+05:30  INFO 15304 --- [-kit-executor-3] kafka.server.BrokerServer                : [BrokerServer id=0] Finished waiting for all of the authorizer futures to be completed
2025-09-24T05:37:06.264+05:30  INFO 15304 --- [-kit-executor-3] kafka.server.BrokerServer                : [BrokerServer id=0] Waiting for all of the SocketServer Acceptors to be started
2025-09-24T05:37:06.264+05:30  INFO 15304 --- [-kit-executor-3] kafka.server.BrokerServer                : [BrokerServer id=0] Finished waiting for all of the SocketServer Acceptors to be started
2025-09-24T05:37:06.264+05:30  INFO 15304 --- [-kit-executor-3] kafka.server.BrokerServer                : [BrokerServer id=0] Transition from STARTING to STARTED
2025-09-24T05:37:06.280+05:30  INFO 15304 --- [           main] o.a.k.clients.admin.AdminClientConfig    : AdminClientConfig values: 
	auto.include.jmx.reporter = true
	bootstrap.servers = [localhost:52128]
	client.dns.lookup = use_all_dns_ips
	client.id = 
	connections.max.idle.ms = 300000
	default.api.timeout.ms = 60000
	metadata.max.age.ms = 300000
	metric.reporters = []
	metrics.num.samples = 2
	metrics.recording.level = INFO
	metrics.sample.window.ms = 30000
	receive.buffer.bytes = 65536
	reconnect.backoff.max.ms = 1000
	reconnect.backoff.ms = 50
	request.timeout.ms = 30000
	retries = 2147483647
	retry.backoff.ms = 100
	sasl.client.callback.handler.class = null
	sasl.jaas.config = null
	sasl.kerberos.kinit.cmd = /usr/bin/kinit
	sasl.kerberos.min.time.before.relogin = 60000
	sasl.kerberos.service.name = null
	sasl.kerberos.ticket.renew.jitter = 0.05
	sasl.kerberos.ticket.renew.window.factor = 0.8
	sasl.login.callback.handler.class = null
	sasl.login.class = null
	sasl.login.connect.timeout.ms = null
	sasl.login.read.timeout.ms = null
	sasl.login.refresh.buffer.seconds = 300
	sasl.login.refresh.min.period.seconds = 60
	sasl.login.refresh.window.factor = 0.8
	sasl.login.refresh.window.jitter = 0.05
	sasl.login.retry.backoff.max.ms = 10000
	sasl.login.retry.backoff.ms = 100
	sasl.mechanism = GSSAPI
	sasl.oauthbearer.clock.skew.seconds = 30
	sasl.oauthbearer.expected.audience = null
	sasl.oauthbearer.expected.issuer = null
	sasl.oauthbearer.jwks.endpoint.refresh.ms = 3600000
	sasl.oauthbearer.jwks.endpoint.retry.backoff.max.ms = 10000
	sasl.oauthbearer.jwks.endpoint.retry.backoff.ms = 100
	sasl.oauthbearer.jwks.endpoint.url = null
	sasl.oauthbearer.scope.claim.name = scope
	sasl.oauthbearer.sub.claim.name = sub
	sasl.oauthbearer.token.endpoint.url = null
	security.protocol = PLAINTEXT
	security.providers = null
	send.buffer.bytes = 131072
	socket.connection.setup.timeout.max.ms = 30000
	socket.connection.setup.timeout.ms = 10000
	ssl.cipher.suites = null
	ssl.enabled.protocols = [TLSv1.2, TLSv1.3]
	ssl.endpoint.identification.algorithm = https
	ssl.engine.factory.class = null
	ssl.key.password = null
	ssl.keymanager.algorithm = SunX509
	ssl.keystore.certificate.chain = null
	ssl.keystore.key = null
	ssl.keystore.location = null
	ssl.keystore.password = null
	ssl.keystore.type = JKS
	ssl.protocol = TLSv1.3
	ssl.provider = null
	ssl.secure.random.implementation = null
	ssl.trustmanager.algorithm = PKIX
	ssl.truststore.certificates = null
	ssl.truststore.location = null
	ssl.truststore.password = null
	ssl.truststore.type = JKS

2025-09-24T05:37:06.301+05:30  INFO 15304 --- [           main] o.a.kafka.common.utils.AppInfoParser     : Kafka version: 3.6.2
2025-09-24T05:37:06.301+05:30  INFO 15304 --- [           main] o.a.kafka.common.utils.AppInfoParser     : Kafka commitId: c4deed513057c94e
2025-09-24T05:37:06.301+05:30  INFO 15304 --- [           main] o.a.kafka.common.utils.AppInfoParser     : Kafka startTimeMs: 1758672426301
2025-09-24T05:37:06.316+05:30  INFO 15304 --- [| adminclient-1] o.a.kafka.common.utils.AppInfoParser     : App info kafka.admin.client for adminclient-1 unregistered
2025-09-24T05:37:06.316+05:30  INFO 15304 --- [| adminclient-1] o.a.k.c.a.i.AdminMetadataManager         : [AdminClient clientId=adminclient-1] Metadata update failed

org.apache.kafka.common.errors.TimeoutException: Timed out waiting to send the call. Call: fetchMetadata

2025-09-24T05:37:06.319+05:30  INFO 15304 --- [| adminclient-1] o.a.k.clients.admin.KafkaAdminClient     : [AdminClient clientId=adminclient-1] Timed out 1 remaining operation(s) during close.
2025-09-24T05:37:06.323+05:30  INFO 15304 --- [| adminclient-1] o.apache.kafka.common.metrics.Metrics    : Metrics scheduler closed
2025-09-24T05:37:06.324+05:30  INFO 15304 --- [| adminclient-1] o.apache.kafka.common.metrics.Metrics    : Closing reporter org.apache.kafka.common.metrics.JmxReporter
2025-09-24T05:37:06.324+05:30  INFO 15304 --- [| adminclient-1] o.apache.kafka.common.metrics.Metrics    : Metrics reporters closed
2025-09-24T05:37:06.330+05:30  INFO 15304 --- [           main] com.jpmc.midascore.TaskThreeTests        : Starting TaskThreeTests using Java 17.0.16 with PID 15304 (started by sachi in C:\Users\sachi\forage-midas)
2025-09-24T05:37:06.336+05:30  INFO 15304 --- [           main] com.jpmc.midascore.TaskThreeTests        : No active profile set, falling back to 1 default profile: "default"
2025-09-24T05:37:07.260+05:30  INFO 15304 --- [           main] .s.d.r.c.RepositoryConfigurationDelegate : Bootstrapping Spring Data JPA repositories in DEFAULT mode.
2025-09-24T05:37:07.348+05:30  INFO 15304 --- [           main] .s.d.r.c.RepositoryConfigurationDelegate : Finished Spring Data repository scanning in 74 ms. Found 2 JPA repository interfaces.
2025-09-24T05:37:08.002+05:30  INFO 15304 --- [           main] com.zaxxer.hikari.HikariDataSource       : HikariPool-1 - Starting...
2025-09-24T05:37:08.311+05:30  INFO 15304 --- [           main] com.zaxxer.hikari.pool.HikariPool        : HikariPool-1 - Added connection conn0: url=jdbc:h2:mem:1c6ca8ca-73d2-4a32-a1ba-336529b31bb3 user=SA
2025-09-24T05:37:08.313+05:30  INFO 15304 --- [           main] com.zaxxer.hikari.HikariDataSource       : HikariPool-1 - Start completed.
2025-09-24T05:37:08.392+05:30  INFO 15304 --- [           main] o.hibernate.jpa.internal.util.LogHelper  : HHH000204: Processing PersistenceUnitInfo [name: default]
2025-09-24T05:37:08.469+05:30  INFO 15304 --- [           main] org.hibernate.Version                    : HHH000412: Hibernate ORM core version 6.4.4.Final
2025-09-24T05:37:08.535+05:30  INFO 15304 --- [           main] o.h.c.internal.RegionFactoryInitiator    : HHH000026: Second-level cache disabled
2025-09-24T05:37:08.828+05:30  INFO 15304 --- [           main] o.s.o.j.p.SpringPersistenceUnitInfo      : No LoadTimeWeaver setup: ignoring JPA class transformer
2025-09-24T05:37:09.887+05:30  INFO 15304 --- [           main] o.h.e.t.j.p.i.JtaPlatformInitiator       : HHH000489: No JTA platform available (set 'hibernate.transaction.jta.platform' to enable JTA platform integration)
2025-09-24T05:37:09.935+05:30  INFO 15304 --- [           main] j.LocalContainerEntityManagerFactoryBean : Initialized JPA EntityManagerFactory for persistence unit 'default'
2025-09-24T05:37:10.725+05:30  WARN 15304 --- [           main] JpaBaseConfiguration$JpaWebConfiguration : spring.jpa.open-in-view is enabled by default. Therefore, database queries may be performed during view rendering. Explicitly configure spring.jpa.open-in-view to disable this warning
2025-09-24T05:37:11.375+05:30  INFO 15304 --- [           main] o.a.k.clients.consumer.ConsumerConfig    : ConsumerConfig values: 
	allow.auto.create.topics = true
	auto.commit.interval.ms = 5000
	auto.include.jmx.reporter = true
	auto.offset.reset = earliest
	bootstrap.servers = [localhost:52128]
	check.crcs = true
	client.dns.lookup = use_all_dns_ips
	client.id = consumer-midas-core-test-1
	client.rack = 
	connections.max.idle.ms = 540000
	default.api.timeout.ms = 60000
	enable.auto.commit = false
	exclude.internal.topics = true
	fetch.max.bytes = 52428800
	fetch.max.wait.ms = 500
	fetch.min.bytes = 1
	group.id = midas-core-test
	group.instance.id = null
	heartbeat.interval.ms = 3000
	interceptor.classes = []
	internal.leave.group.on.close = true
	internal.throw.on.fetch.stable.offset.unsupported = false
	isolation.level = read_uncommitted
	key.deserializer = class org.apache.kafka.common.serialization.StringDeserializer
	max.partition.fetch.bytes = 1048576
	max.poll.interval.ms = 300000
	max.poll.records = 500
	metadata.max.age.ms = 300000
	metric.reporters = []
	metrics.num.samples = 2
	metrics.recording.level = INFO
	metrics.sample.window.ms = 30000
	partition.assignment.strategy = [class org.apache.kafka.clients.consumer.RangeAssignor, class org.apache.kafka.clients.consumer.CooperativeStickyAssignor]
	receive.buffer.bytes = 65536
	reconnect.backoff.max.ms = 1000
	reconnect.backoff.ms = 50
	request.timeout.ms = 30000
	retry.backoff.ms = 100
	sasl.client.callback.handler.class = null
	sasl.jaas.config = null
	sasl.kerberos.kinit.cmd = /usr/bin/kinit
	sasl.kerberos.min.time.before.relogin = 60000
	sasl.kerberos.service.name = null
	sasl.kerberos.ticket.renew.jitter = 0.05
	sasl.kerberos.ticket.renew.window.factor = 0.8
	sasl.login.callback.handler.class = null
	sasl.login.class = null
	sasl.login.connect.timeout.ms = null
	sasl.login.read.timeout.ms = null
	sasl.login.refresh.buffer.seconds = 300
	sasl.login.refresh.min.period.seconds = 60
	sasl.login.refresh.window.factor = 0.8
	sasl.login.refresh.window.jitter = 0.05
	sasl.login.retry.backoff.max.ms = 10000
	sasl.login.retry.backoff.ms = 100
	sasl.mechanism = GSSAPI
	sasl.oauthbearer.clock.skew.seconds = 30
	sasl.oauthbearer.expected.audience = null
	sasl.oauthbearer.expected.issuer = null
	sasl.oauthbearer.jwks.endpoint.refresh.ms = 3600000
	sasl.oauthbearer.jwks.endpoint.retry.backoff.max.ms = 10000
	sasl.oauthbearer.jwks.endpoint.retry.backoff.ms = 100
	sasl.oauthbearer.jwks.endpoint.url = null
	sasl.oauthbearer.scope.claim.name = scope
	sasl.oauthbearer.sub.claim.name = sub
	sasl.oauthbearer.token.endpoint.url = null
	security.protocol = PLAINTEXT
	security.providers = null
	send.buffer.bytes = 131072
	session.timeout.ms = 45000
	socket.connection.setup.timeout.max.ms = 30000
	socket.connection.setup.timeout.ms = 10000
	ssl.cipher.suites = null
	ssl.enabled.protocols = [TLSv1.2, TLSv1.3]
	ssl.endpoint.identification.algorithm = https
	ssl.engine.factory.class = null
	ssl.key.password = null
	ssl.keymanager.algorithm = SunX509
	ssl.keystore.certificate.chain = null
	ssl.keystore.key = null
	ssl.keystore.location = null
	ssl.keystore.password = null
	ssl.keystore.type = JKS
	ssl.protocol = TLSv1.3
	ssl.provider = null
	ssl.secure.random.implementation = null
	ssl.trustmanager.algorithm = PKIX
	ssl.truststore.certificates = null
	ssl.truststore.location = null
	ssl.truststore.password = null
	ssl.truststore.type = JKS
	value.deserializer = class org.springframework.kafka.support.serializer.JsonDeserializer

2025-09-24T05:37:11.447+05:30  INFO 15304 --- [           main] o.a.kafka.common.utils.AppInfoParser     : Kafka version: 3.6.2
2025-09-24T05:37:11.447+05:30  INFO 15304 --- [           main] o.a.kafka.common.utils.AppInfoParser     : Kafka commitId: c4deed513057c94e
2025-09-24T05:37:11.447+05:30  INFO 15304 --- [           main] o.a.kafka.common.utils.AppInfoParser     : Kafka startTimeMs: 1758672431447
2025-09-24T05:37:11.447+05:30  INFO 15304 --- [           main] fkaConsumerFactory$ExtendedKafkaConsumer : [Consumer clientId=consumer-midas-core-test-1, groupId=midas-core-test] Subscribed to topic(s): transactions
2025-09-24T05:37:11.468+05:30  INFO 15304 --- [           main] com.jpmc.midascore.TaskThreeTests        : Started TaskThreeTests in 7.115 seconds (process running for 8.351)
2025-09-24T05:37:11.512+05:30  INFO 15304 --- [quest-handler-2] k.s.DefaultAutoTopicCreationManager      : Sent auto-creation request for Set(transactions) to the active controller.
2025-09-24T05:37:11.536+05:30  INFO 15304 --- [quest-handler-1] k.s.DefaultAutoTopicCreationManager      : Sent auto-creation request for Set(__consumer_offsets) to the active controller.
2025-09-24T05:37:11.536+05:30  WARN 15304 --- [ntainer#0-0-C-1] org.apache.kafka.clients.NetworkClient   : [Consumer clientId=consumer-midas-core-test-1, groupId=midas-core-test] Error while fetching metadata with correlation id 2 : {transactions=UNKNOWN_TOPIC_OR_PARTITION}
2025-09-24T05:37:11.536+05:30  INFO 15304 --- [ntainer#0-0-C-1] org.apache.kafka.clients.Metadata        : [Consumer clientId=consumer-midas-core-test-1, groupId=midas-core-test] Cluster ID: lrSVEYsaR2ewBVdhLUe_Hg
2025-09-24T05:37:11.551+05:30  INFO 15304 --- [0-event-handler] o.a.k.c.ReplicationControlManager        : [QuorumController id=0] CreateTopics result(s): CreatableTopic(name='transactions', numPartitions=1, replicationFactor=1, assignments=[], configs=[]): SUCCESS
2025-09-24T05:37:11.553+05:30  INFO 15304 --- [0-event-handler] o.a.k.c.ReplicationControlManager        : [QuorumController id=0] Replayed TopicRecord for topic transactions with topic ID Whx1CRz1Thq-WoOT_t7VqA.
2025-09-24T05:37:11.553+05:30  INFO 15304 --- [0-event-handler] o.a.k.c.ReplicationControlManager        : [QuorumController id=0] Replayed PartitionRecord for new partition transactions-0 with topic ID Whx1CRz1Thq-WoOT_t7VqA and PartitionRegistration(replicas=[0], isr=[0], removingReplicas=[], addingReplicas=[], leader=0, leaderRecoveryState=RECOVERED, leaderEpoch=0, partitionEpoch=0).
2025-09-24T05:37:11.559+05:30  INFO 15304 --- [r-event-handler] state.change.logger                      : [Broker id=0] Transitioning 1 partition(s) to local leaders.
2025-09-24T05:37:11.559+05:30  INFO 15304 --- [r-event-handler] kafka.server.ReplicaFetcherManager       : [ReplicaFetcherManager on broker 0] Removed fetcher for partitions Set(transactions-0)
2025-09-24T05:37:11.566+05:30  INFO 15304 --- [r-event-handler] state.change.logger                      : [Broker id=0] Creating new partition transactions-0 with topic id Whx1CRz1Thq-WoOT_t7VqA.
2025-09-24T05:37:11.566+05:30  INFO 15304 --- [0-event-handler] o.a.k.c.ReplicationControlManager        : [QuorumController id=0] CreateTopics result(s): CreatableTopic(name='__consumer_offsets', numPartitions=50, replicationFactor=1, assignments=[], configs=[CreateableTopicConfig(name='compression.type', value='producer'), CreateableTopicConfig(name='cleanup.policy', value='compact'), CreateableTopicConfig(name='segment.bytes', value='104857600')]): SUCCESS
2025-09-24T05:37:11.566+05:30  INFO 15304 --- [0-event-handler] o.a.k.c.ReplicationControlManager        : [QuorumController id=0] Replayed TopicRecord for topic __consumer_offsets with topic ID ty3v6zbESQiAMlUpgb0xuQ.
2025-09-24T05:37:11.566+05:30  INFO 15304 --- [0-event-handler] o.a.k.c.ConfigurationControlManager      : [QuorumController id=0] Replayed ConfigRecord for ConfigResource(type=TOPIC, name='__consumer_offsets') which set configuration compression.type to producer
2025-09-24T05:37:11.566+05:30  INFO 15304 --- [0-event-handler] o.a.k.c.ConfigurationControlManager      : [QuorumController id=0] Replayed ConfigRecord for ConfigResource(type=TOPIC, name='__consumer_offsets') which set configuration cleanup.policy to compact
2025-09-24T05:37:11.566+05:30  INFO 15304 --- [0-event-handler] o.a.k.c.ConfigurationControlManager      : [QuorumController id=0] Replayed ConfigRecord for ConfigResource(type=TOPIC, name='__consumer_offsets') which set configuration segment.bytes to 104857600
2025-09-24T05:37:11.566+05:30  INFO 15304 --- [0-event-handler] o.a.k.c.ReplicationControlManager        : [QuorumController id=0] Replayed PartitionRecord for new partition __consumer_offsets-0 with topic ID ty3v6zbESQiAMlUpgb0xuQ and PartitionRegistration(replicas=[0], isr=[0], removingReplicas=[], addingReplicas=[], leader=0, leaderRecoveryState=RECOVERED, leaderEpoch=0, partitionEpoch=0).
2025-09-24T05:37:11.566+05:30  INFO 15304 --- [0-event-handler] o.a.k.c.ReplicationControlManager        : [QuorumController id=0] Replayed PartitionRecord for new partition __consumer_offsets-1 with topic ID ty3v6zbESQiAMlUpgb0xuQ and PartitionRegistration(replicas=[0], isr=[0], removingReplicas=[], addingReplicas=[], leader=0, leaderRecoveryState=RECOVERED, leaderEpoch=0, partitionEpoch=0).
2025-09-24T05:37:11.566+05:30  INFO 15304 --- [0-event-handler] o.a.k.c.ReplicationControlManager        : [QuorumController id=0] Replayed PartitionRecord for new partition __consumer_offsets-2 with topic ID ty3v6zbESQiAMlUpgb0xuQ and PartitionRegistration(replicas=[0], isr=[0], removingReplicas=[], addingReplicas=[], leader=0, leaderRecoveryState=RECOVERED, leaderEpoch=0, partitionEpoch=0).
2025-09-24T05:37:11.566+05:30  INFO 15304 --- [0-event-handler] o.a.k.c.ReplicationControlManager        : [QuorumController id=0] Replayed PartitionRecord for new partition __consumer_offsets-3 with topic ID ty3v6zbESQiAMlUpgb0xuQ and PartitionRegistration(replicas=[0], isr=[0], removingReplicas=[], addingReplicas=[], leader=0, leaderRecoveryState=RECOVERED, leaderEpoch=0, partitionEpoch=0).
2025-09-24T05:37:11.566+05:30  INFO 15304 --- [0-event-handler] o.a.k.c.ReplicationControlManager        : [QuorumController id=0] Replayed PartitionRecord for new partition __consumer_offsets-4 with topic ID ty3v6zbESQiAMlUpgb0xuQ and PartitionRegistration(replicas=[0], isr=[0], removingReplicas=[], addingReplicas=[], leader=0, leaderRecoveryState=RECOVERED, leaderEpoch=0, partitionEpoch=0).
2025-09-24T05:37:11.566+05:30  INFO 15304 --- [0-event-handler] o.a.k.c.ReplicationControlManager        : [QuorumController id=0] Replayed PartitionRecord for new partition __consumer_offsets-5 with topic ID ty3v6zbESQiAMlUpgb0xuQ and PartitionRegistration(replicas=[0], isr=[0], removingReplicas=[], addingReplicas=[], leader=0, leaderRecoveryState=RECOVERED, leaderEpoch=0, partitionEpoch=0).
2025-09-24T05:37:11.566+05:30  INFO 15304 --- [0-event-handler] o.a.k.c.ReplicationControlManager        : [QuorumController id=0] Replayed PartitionRecord for new partition __consumer_offsets-6 with topic ID ty3v6zbESQiAMlUpgb0xuQ and PartitionRegistration(replicas=[0], isr=[0], removingReplicas=[], addingReplicas=[], leader=0, leaderRecoveryState=RECOVERED, leaderEpoch=0, partitionEpoch=0).
2025-09-24T05:37:11.566+05:30  INFO 15304 --- [0-event-handler] o.a.k.c.ReplicationControlManager        : [QuorumController id=0] Replayed PartitionRecord for new partition __consumer_offsets-7 with topic ID ty3v6zbESQiAMlUpgb0xuQ and PartitionRegistration(replicas=[0], isr=[0], removingReplicas=[], addingReplicas=[], leader=0, leaderRecoveryState=RECOVERED, leaderEpoch=0, partitionEpoch=0).
2025-09-24T05:37:11.566+05:30  INFO 15304 --- [0-event-handler] o.a.k.c.ReplicationControlManager        : [QuorumController id=0] Replayed PartitionRecord for new partition __consumer_offsets-8 with topic ID ty3v6zbESQiAMlUpgb0xuQ and PartitionRegistration(replicas=[0], isr=[0], removingReplicas=[], addingReplicas=[], leader=0, leaderRecoveryState=RECOVERED, leaderEpoch=0, partitionEpoch=0).
2025-09-24T05:37:11.566+05:30  INFO 15304 --- [0-event-handler] o.a.k.c.ReplicationControlManager        : [QuorumController id=0] Replayed PartitionRecord for new partition __consumer_offsets-9 with topic ID ty3v6zbESQiAMlUpgb0xuQ and PartitionRegistration(replicas=[0], isr=[0], removingReplicas=[], addingReplicas=[], leader=0, leaderRecoveryState=RECOVERED, leaderEpoch=0, partitionEpoch=0).
2025-09-24T05:37:11.566+05:30  INFO 15304 --- [0-event-handler] o.a.k.c.ReplicationControlManager        : [QuorumController id=0] Replayed PartitionRecord for new partition __consumer_offsets-10 with topic ID ty3v6zbESQiAMlUpgb0xuQ and PartitionRegistration(replicas=[0], isr=[0], removingReplicas=[], addingReplicas=[], leader=0, leaderRecoveryState=RECOVERED, leaderEpoch=0, partitionEpoch=0).
2025-09-24T05:37:11.566+05:30  INFO 15304 --- [0-event-handler] o.a.k.c.ReplicationControlManager        : [QuorumController id=0] Replayed PartitionRecord for new partition __consumer_offsets-11 with topic ID ty3v6zbESQiAMlUpgb0xuQ and PartitionRegistration(replicas=[0], isr=[0], removingReplicas=[], addingReplicas=[], leader=0, leaderRecoveryState=RECOVERED, leaderEpoch=0, partitionEpoch=0).
2025-09-24T05:37:11.566+05:30  INFO 15304 --- [0-event-handler] o.a.k.c.ReplicationControlManager        : [QuorumController id=0] Replayed PartitionRecord for new partition __consumer_offsets-12 with topic ID ty3v6zbESQiAMlUpgb0xuQ and PartitionRegistration(replicas=[0], isr=[0], removingReplicas=[], addingReplicas=[], leader=0, leaderRecoveryState=RECOVERED, leaderEpoch=0, partitionEpoch=0).
2025-09-24T05:37:11.566+05:30  INFO 15304 --- [0-event-handler] o.a.k.c.ReplicationControlManager        : [QuorumController id=0] Replayed PartitionRecord for new partition __consumer_offsets-13 with topic ID ty3v6zbESQiAMlUpgb0xuQ and PartitionRegistration(replicas=[0], isr=[0], removingReplicas=[], addingReplicas=[], leader=0, leaderRecoveryState=RECOVERED, leaderEpoch=0, partitionEpoch=0).
2025-09-24T05:37:11.566+05:30  INFO 15304 --- [0-event-handler] o.a.k.c.ReplicationControlManager        : [QuorumController id=0] Replayed PartitionRecord for new partition __consumer_offsets-14 with topic ID ty3v6zbESQiAMlUpgb0xuQ and PartitionRegistration(replicas=[0], isr=[0], removingReplicas=[], addingReplicas=[], leader=0, leaderRecoveryState=RECOVERED, leaderEpoch=0, partitionEpoch=0).
2025-09-24T05:37:11.566+05:30  INFO 15304 --- [0-event-handler] o.a.k.c.ReplicationControlManager        : [QuorumController id=0] Replayed PartitionRecord for new partition __consumer_offsets-15 with topic ID ty3v6zbESQiAMlUpgb0xuQ and PartitionRegistration(replicas=[0], isr=[0], removingReplicas=[], addingReplicas=[], leader=0, leaderRecoveryState=RECOVERED, leaderEpoch=0, partitionEpoch=0).
2025-09-24T05:37:11.566+05:30  INFO 15304 --- [0-event-handler] o.a.k.c.ReplicationControlManager        : [QuorumController id=0] Replayed PartitionRecord for new partition __consumer_offsets-16 with topic ID ty3v6zbESQiAMlUpgb0xuQ and PartitionRegistration(replicas=[0], isr=[0], removingReplicas=[], addingReplicas=[], leader=0, leaderRecoveryState=RECOVERED, leaderEpoch=0, partitionEpoch=0).
2025-09-24T05:37:11.566+05:30  INFO 15304 --- [0-event-handler] o.a.k.c.ReplicationControlManager        : [QuorumController id=0] Replayed PartitionRecord for new partition __consumer_offsets-17 with topic ID ty3v6zbESQiAMlUpgb0xuQ and PartitionRegistration(replicas=[0], isr=[0], removingReplicas=[], addingReplicas=[], leader=0, leaderRecoveryState=RECOVERED, leaderEpoch=0, partitionEpoch=0).
2025-09-24T05:37:11.566+05:30  INFO 15304 --- [0-event-handler] o.a.k.c.ReplicationControlManager        : [QuorumController id=0] Replayed PartitionRecord for new partition __consumer_offsets-18 with topic ID ty3v6zbESQiAMlUpgb0xuQ and PartitionRegistration(replicas=[0], isr=[0], removingReplicas=[], addingReplicas=[], leader=0, leaderRecoveryState=RECOVERED, leaderEpoch=0, partitionEpoch=0).
2025-09-24T05:37:11.566+05:30  INFO 15304 --- [0-event-handler] o.a.k.c.ReplicationControlManager        : [QuorumController id=0] Replayed PartitionRecord for new partition __consumer_offsets-19 with topic ID ty3v6zbESQiAMlUpgb0xuQ and PartitionRegistration(replicas=[0], isr=[0], removingReplicas=[], addingReplicas=[], leader=0, leaderRecoveryState=RECOVERED, leaderEpoch=0, partitionEpoch=0).
2025-09-24T05:37:11.566+05:30  INFO 15304 --- [0-event-handler] o.a.k.c.ReplicationControlManager        : [QuorumController id=0] Replayed PartitionRecord for new partition __consumer_offsets-20 with topic ID ty3v6zbESQiAMlUpgb0xuQ and PartitionRegistration(replicas=[0], isr=[0], removingReplicas=[], addingReplicas=[], leader=0, leaderRecoveryState=RECOVERED, leaderEpoch=0, partitionEpoch=0).
2025-09-24T05:37:11.566+05:30  INFO 15304 --- [0-event-handler] o.a.k.c.ReplicationControlManager        : [QuorumController id=0] Replayed PartitionRecord for new partition __consumer_offsets-21 with topic ID ty3v6zbESQiAMlUpgb0xuQ and PartitionRegistration(replicas=[0], isr=[0], removingReplicas=[], addingReplicas=[], leader=0, leaderRecoveryState=RECOVERED, leaderEpoch=0, partitionEpoch=0).
2025-09-24T05:37:11.573+05:30  INFO 15304 --- [0-event-handler] o.a.k.c.ReplicationControlManager        : [QuorumController id=0] Replayed PartitionRecord for new partition __consumer_offsets-22 with topic ID ty3v6zbESQiAMlUpgb0xuQ and PartitionRegistration(replicas=[0], isr=[0], removingReplicas=[], addingReplicas=[], leader=0, leaderRecoveryState=RECOVERED, leaderEpoch=0, partitionEpoch=0).
2025-09-24T05:37:11.573+05:30  INFO 15304 --- [0-event-handler] o.a.k.c.ReplicationControlManager        : [QuorumController id=0] Replayed PartitionRecord for new partition __consumer_offsets-23 with topic ID ty3v6zbESQiAMlUpgb0xuQ and PartitionRegistration(replicas=[0], isr=[0], removingReplicas=[], addingReplicas=[], leader=0, leaderRecoveryState=RECOVERED, leaderEpoch=0, partitionEpoch=0).
2025-09-24T05:37:11.573+05:30  INFO 15304 --- [0-event-handler] o.a.k.c.ReplicationControlManager        : [QuorumController id=0] Replayed PartitionRecord for new partition __consumer_offsets-24 with topic ID ty3v6zbESQiAMlUpgb0xuQ and PartitionRegistration(replicas=[0], isr=[0], removingReplicas=[], addingReplicas=[], leader=0, leaderRecoveryState=RECOVERED, leaderEpoch=0, partitionEpoch=0).
2025-09-24T05:37:11.573+05:30  INFO 15304 --- [0-event-handler] o.a.k.c.ReplicationControlManager        : [QuorumController id=0] Replayed PartitionRecord for new partition __consumer_offsets-25 with topic ID ty3v6zbESQiAMlUpgb0xuQ and PartitionRegistration(replicas=[0], isr=[0], removingReplicas=[], addingReplicas=[], leader=0, leaderRecoveryState=RECOVERED, leaderEpoch=0, partitionEpoch=0).
2025-09-24T05:37:11.573+05:30  INFO 15304 --- [0-event-handler] o.a.k.c.ReplicationControlManager        : [QuorumController id=0] Replayed PartitionRecord for new partition __consumer_offsets-26 with topic ID ty3v6zbESQiAMlUpgb0xuQ and PartitionRegistration(replicas=[0], isr=[0], removingReplicas=[], addingReplicas=[], leader=0, leaderRecoveryState=RECOVERED, leaderEpoch=0, partitionEpoch=0).
2025-09-24T05:37:11.573+05:30  INFO 15304 --- [0-event-handler] o.a.k.c.ReplicationControlManager        : [QuorumController id=0] Replayed PartitionRecord for new partition __consumer_offsets-27 with topic ID ty3v6zbESQiAMlUpgb0xuQ and PartitionRegistration(replicas=[0], isr=[0], removingReplicas=[], addingReplicas=[], leader=0, leaderRecoveryState=RECOVERED, leaderEpoch=0, partitionEpoch=0).
2025-09-24T05:37:11.573+05:30  INFO 15304 --- [0-event-handler] o.a.k.c.ReplicationControlManager        : [QuorumController id=0] Replayed PartitionRecord for new partition __consumer_offsets-28 with topic ID ty3v6zbESQiAMlUpgb0xuQ and PartitionRegistration(replicas=[0], isr=[0], removingReplicas=[], addingReplicas=[], leader=0, leaderRecoveryState=RECOVERED, leaderEpoch=0, partitionEpoch=0).
2025-09-24T05:37:11.573+05:30  INFO 15304 --- [0-event-handler] o.a.k.c.ReplicationControlManager        : [QuorumController id=0] Replayed PartitionRecord for new partition __consumer_offsets-29 with topic ID ty3v6zbESQiAMlUpgb0xuQ and PartitionRegistration(replicas=[0], isr=[0], removingReplicas=[], addingReplicas=[], leader=0, leaderRecoveryState=RECOVERED, leaderEpoch=0, partitionEpoch=0).
2025-09-24T05:37:11.573+05:30  INFO 15304 --- [0-event-handler] o.a.k.c.ReplicationControlManager        : [QuorumController id=0] Replayed PartitionRecord for new partition __consumer_offsets-30 with topic ID ty3v6zbESQiAMlUpgb0xuQ and PartitionRegistration(replicas=[0], isr=[0], removingReplicas=[], addingReplicas=[], leader=0, leaderRecoveryState=RECOVERED, leaderEpoch=0, partitionEpoch=0).
2025-09-24T05:37:11.573+05:30  INFO 15304 --- [0-event-handler] o.a.k.c.ReplicationControlManager        : [QuorumController id=0] Replayed PartitionRecord for new partition __consumer_offsets-31 with topic ID ty3v6zbESQiAMlUpgb0xuQ and PartitionRegistration(replicas=[0], isr=[0], removingReplicas=[], addingReplicas=[], leader=0, leaderRecoveryState=RECOVERED, leaderEpoch=0, partitionEpoch=0).
2025-09-24T05:37:11.573+05:30  INFO 15304 --- [0-event-handler] o.a.k.c.ReplicationControlManager        : [QuorumController id=0] Replayed PartitionRecord for new partition __consumer_offsets-32 with topic ID ty3v6zbESQiAMlUpgb0xuQ and PartitionRegistration(replicas=[0], isr=[0], removingReplicas=[], addingReplicas=[], leader=0, leaderRecoveryState=RECOVERED, leaderEpoch=0, partitionEpoch=0).
2025-09-24T05:37:11.573+05:30  INFO 15304 --- [0-event-handler] o.a.k.c.ReplicationControlManager        : [QuorumController id=0] Replayed PartitionRecord for new partition __consumer_offsets-33 with topic ID ty3v6zbESQiAMlUpgb0xuQ and PartitionRegistration(replicas=[0], isr=[0], removingReplicas=[], addingReplicas=[], leader=0, leaderRecoveryState=RECOVERED, leaderEpoch=0, partitionEpoch=0).
2025-09-24T05:37:11.573+05:30  INFO 15304 --- [0-event-handler] o.a.k.c.ReplicationControlManager        : [QuorumController id=0] Replayed PartitionRecord for new partition __consumer_offsets-34 with topic ID ty3v6zbESQiAMlUpgb0xuQ and PartitionRegistration(replicas=[0], isr=[0], removingReplicas=[], addingReplicas=[], leader=0, leaderRecoveryState=RECOVERED, leaderEpoch=0, partitionEpoch=0).
2025-09-24T05:37:11.573+05:30  INFO 15304 --- [0-event-handler] o.a.k.c.ReplicationControlManager        : [QuorumController id=0] Replayed PartitionRecord for new partition __consumer_offsets-35 with topic ID ty3v6zbESQiAMlUpgb0xuQ and PartitionRegistration(replicas=[0], isr=[0], removingReplicas=[], addingReplicas=[], leader=0, leaderRecoveryState=RECOVERED, leaderEpoch=0, partitionEpoch=0).
2025-09-24T05:37:11.573+05:30  INFO 15304 --- [0-event-handler] o.a.k.c.ReplicationControlManager        : [QuorumController id=0] Replayed PartitionRecord for new partition __consumer_offsets-36 with topic ID ty3v6zbESQiAMlUpgb0xuQ and PartitionRegistration(replicas=[0], isr=[0], removingReplicas=[], addingReplicas=[], leader=0, leaderRecoveryState=RECOVERED, leaderEpoch=0, partitionEpoch=0).
2025-09-24T05:37:11.573+05:30  INFO 15304 --- [0-event-handler] o.a.k.c.ReplicationControlManager        : [QuorumController id=0] Replayed PartitionRecord for new partition __consumer_offsets-37 with topic ID ty3v6zbESQiAMlUpgb0xuQ and PartitionRegistration(replicas=[0], isr=[0], removingReplicas=[], addingReplicas=[], leader=0, leaderRecoveryState=RECOVERED, leaderEpoch=0, partitionEpoch=0).
2025-09-24T05:37:11.573+05:30  INFO 15304 --- [0-event-handler] o.a.k.c.ReplicationControlManager        : [QuorumController id=0] Replayed PartitionRecord for new partition __consumer_offsets-38 with topic ID ty3v6zbESQiAMlUpgb0xuQ and PartitionRegistration(replicas=[0], isr=[0], removingReplicas=[], addingReplicas=[], leader=0, leaderRecoveryState=RECOVERED, leaderEpoch=0, partitionEpoch=0).
2025-09-24T05:37:11.573+05:30  INFO 15304 --- [0-event-handler] o.a.k.c.ReplicationControlManager        : [QuorumController id=0] Replayed PartitionRecord for new partition __consumer_offsets-39 with topic ID ty3v6zbESQiAMlUpgb0xuQ and PartitionRegistration(replicas=[0], isr=[0], removingReplicas=[], addingReplicas=[], leader=0, leaderRecoveryState=RECOVERED, leaderEpoch=0, partitionEpoch=0).
2025-09-24T05:37:11.573+05:30  INFO 15304 --- [0-event-handler] o.a.k.c.ReplicationControlManager        : [QuorumController id=0] Replayed PartitionRecord for new partition __consumer_offsets-40 with topic ID ty3v6zbESQiAMlUpgb0xuQ and PartitionRegistration(replicas=[0], isr=[0], removingReplicas=[], addingReplicas=[], leader=0, leaderRecoveryState=RECOVERED, leaderEpoch=0, partitionEpoch=0).
2025-09-24T05:37:11.573+05:30  INFO 15304 --- [0-event-handler] o.a.k.c.ReplicationControlManager        : [QuorumController id=0] Replayed PartitionRecord for new partition __consumer_offsets-41 with topic ID ty3v6zbESQiAMlUpgb0xuQ and PartitionRegistration(replicas=[0], isr=[0], removingReplicas=[], addingReplicas=[], leader=0, leaderRecoveryState=RECOVERED, leaderEpoch=0, partitionEpoch=0).
2025-09-24T05:37:11.573+05:30  INFO 15304 --- [0-event-handler] o.a.k.c.ReplicationControlManager        : [QuorumController id=0] Replayed PartitionRecord for new partition __consumer_offsets-42 with topic ID ty3v6zbESQiAMlUpgb0xuQ and PartitionRegistration(replicas=[0], isr=[0], removingReplicas=[], addingReplicas=[], leader=0, leaderRecoveryState=RECOVERED, leaderEpoch=0, partitionEpoch=0).
2025-09-24T05:37:11.573+05:30  INFO 15304 --- [0-event-handler] o.a.k.c.ReplicationControlManager        : [QuorumController id=0] Replayed PartitionRecord for new partition __consumer_offsets-43 with topic ID ty3v6zbESQiAMlUpgb0xuQ and PartitionRegistration(replicas=[0], isr=[0], removingReplicas=[], addingReplicas=[], leader=0, leaderRecoveryState=RECOVERED, leaderEpoch=0, partitionEpoch=0).
2025-09-24T05:37:11.573+05:30  INFO 15304 --- [0-event-handler] o.a.k.c.ReplicationControlManager        : [QuorumController id=0] Replayed PartitionRecord for new partition __consumer_offsets-44 with topic ID ty3v6zbESQiAMlUpgb0xuQ and PartitionRegistration(replicas=[0], isr=[0], removingReplicas=[], addingReplicas=[], leader=0, leaderRecoveryState=RECOVERED, leaderEpoch=0, partitionEpoch=0).
2025-09-24T05:37:11.573+05:30  INFO 15304 --- [0-event-handler] o.a.k.c.ReplicationControlManager        : [QuorumController id=0] Replayed PartitionRecord for new partition __consumer_offsets-45 with topic ID ty3v6zbESQiAMlUpgb0xuQ and PartitionRegistration(replicas=[0], isr=[0], removingReplicas=[], addingReplicas=[], leader=0, leaderRecoveryState=RECOVERED, leaderEpoch=0, partitionEpoch=0).
2025-09-24T05:37:11.573+05:30  INFO 15304 --- [0-event-handler] o.a.k.c.ReplicationControlManager        : [QuorumController id=0] Replayed PartitionRecord for new partition __consumer_offsets-46 with topic ID ty3v6zbESQiAMlUpgb0xuQ and PartitionRegistration(replicas=[0], isr=[0], removingReplicas=[], addingReplicas=[], leader=0, leaderRecoveryState=RECOVERED, leaderEpoch=0, partitionEpoch=0).
2025-09-24T05:37:11.573+05:30  INFO 15304 --- [0-event-handler] o.a.k.c.ReplicationControlManager        : [QuorumController id=0] Replayed PartitionRecord for new partition __consumer_offsets-47 with topic ID ty3v6zbESQiAMlUpgb0xuQ and PartitionRegistration(replicas=[0], isr=[0], removingReplicas=[], addingReplicas=[], leader=0, leaderRecoveryState=RECOVERED, leaderEpoch=0, partitionEpoch=0).
2025-09-24T05:37:11.573+05:30  INFO 15304 --- [0-event-handler] o.a.k.c.ReplicationControlManager        : [QuorumController id=0] Replayed PartitionRecord for new partition __consumer_offsets-48 with topic ID ty3v6zbESQiAMlUpgb0xuQ and PartitionRegistration(replicas=[0], isr=[0], removingReplicas=[], addingReplicas=[], leader=0, leaderRecoveryState=RECOVERED, leaderEpoch=0, partitionEpoch=0).
2025-09-24T05:37:11.573+05:30  INFO 15304 --- [0-event-handler] o.a.k.c.ReplicationControlManager        : [QuorumController id=0] Replayed PartitionRecord for new partition __consumer_offsets-49 with topic ID ty3v6zbESQiAMlUpgb0xuQ and PartitionRegistration(replicas=[0], isr=[0], removingReplicas=[], addingReplicas=[], leader=0, leaderRecoveryState=RECOVERED, leaderEpoch=0, partitionEpoch=0).
2025-09-24T05:37:11.600+05:30  INFO 15304 --- [r-event-handler] kafka.log.UnifiedLog$                    : [LogLoader partition=transactions-0, dir=C:\Users\sachi\AppData\Local\Temp\kafka-8421187435840485386\broker_0_data0] Loading producer state till offset 0 with message format version 2
2025-09-24T05:37:11.602+05:30  INFO 15304 --- [r-event-handler] kafka.log.LogManager                     : Created log for partition transactions-0 in C:\Users\sachi\AppData\Local\Temp\kafka-8421187435840485386\broker_0_data0\transactions-0 with properties {}
2025-09-24T05:37:11.605+05:30  INFO 15304 --- [r-event-handler] kafka.cluster.Partition                  : [Partition transactions-0 broker=0] No checkpointed highwatermark is found for partition transactions-0
2025-09-24T05:37:11.609+05:30  INFO 15304 --- [r-event-handler] kafka.cluster.Partition                  : [Partition transactions-0 broker=0] Log loaded for partition transactions-0 with initial high watermark 0
2025-09-24T05:37:11.615+05:30  INFO 15304 --- [r-event-handler] state.change.logger                      : [Broker id=0] Leader transactions-0 with topic id Some(Whx1CRz1Thq-WoOT_t7VqA) starts at leader epoch 0 from offset 0 with partition epoch 0, high watermark 0, ISR [0], adding replicas [] and removing replicas [] . Previous leader None and previous leader epoch was -1.
2025-09-24T05:37:11.629+05:30  INFO 15304 --- [r-event-handler] state.change.logger                      : [Broker id=0] Transitioning 50 partition(s) to local leaders.
2025-09-24T05:37:11.629+05:30  INFO 15304 --- [r-event-handler] kafka.server.ReplicaFetcherManager       : [ReplicaFetcherManager on broker 0] Removed fetcher for partitions Set(__consumer_offsets-13, __consumer_offsets-46, __consumer_offsets-9, __consumer_offsets-42, __consumer_offsets-21, __consumer_offsets-17, __consumer_offsets-30, __consumer_offsets-26, __consumer_offsets-5, __consumer_offsets-38, __consumer_offsets-1, __consumer_offsets-34, __consumer_offsets-16, __consumer_offsets-45, __consumer_offsets-12, __consumer_offsets-41, __consumer_offsets-24, __consumer_offsets-20, __consumer_offsets-49, __consumer_offsets-0, __consumer_offsets-29, __consumer_offsets-25, __consumer_offsets-8, __consumer_offsets-37, __consumer_offsets-4, __consumer_offsets-33, __consumer_offsets-15, __consumer_offsets-48, __consumer_offsets-11, __consumer_offsets-44, __consumer_offsets-23, __consumer_offsets-19, __consumer_offsets-32, __consumer_offsets-28, __consumer_offsets-7, __consumer_offsets-40, __consumer_offsets-3, __consumer_offsets-36, __consumer_offsets-47, __consumer_offsets-14, __consumer_offsets-43, __consumer_offsets-10, __consumer_offsets-22, __consumer_offsets-18, __consumer_offsets-31, __consumer_offsets-27, __consumer_offsets-39, __consumer_offsets-6, __consumer_offsets-35, __consumer_offsets-2)
2025-09-24T05:37:11.629+05:30  INFO 15304 --- [r-event-handler] state.change.logger                      : [Broker id=0] Creating new partition __consumer_offsets-13 with topic id ty3v6zbESQiAMlUpgb0xuQ.
2025-09-24T05:37:11.640+05:30  INFO 15304 --- [r-event-handler] kafka.log.UnifiedLog$                    : [LogLoader partition=__consumer_offsets-13, dir=C:\Users\sachi\AppData\Local\Temp\kafka-8421187435840485386\broker_0_data0] Loading producer state till offset 0 with message format version 2
2025-09-24T05:37:11.640+05:30  INFO 15304 --- [r-event-handler] kafka.log.LogManager                     : Created log for partition __consumer_offsets-13 in C:\Users\sachi\AppData\Local\Temp\kafka-8421187435840485386\broker_0_data0\__consumer_offsets-13 with properties {cleanup.policy=compact, compression.type="producer", segment.bytes=104857600}
2025-09-24T05:37:11.642+05:30  INFO 15304 --- [r-event-handler] kafka.cluster.Partition                  : [Partition __consumer_offsets-13 broker=0] No checkpointed highwatermark is found for partition __consumer_offsets-13
2025-09-24T05:37:11.642+05:30  INFO 15304 --- [r-event-handler] kafka.cluster.Partition                  : [Partition __consumer_offsets-13 broker=0] Log loaded for partition __consumer_offsets-13 with initial high watermark 0
2025-09-24T05:37:11.642+05:30  INFO 15304 --- [r-event-handler] state.change.logger                      : [Broker id=0] Leader __consumer_offsets-13 with topic id Some(ty3v6zbESQiAMlUpgb0xuQ) starts at leader epoch 0 from offset 0 with partition epoch 0, high watermark 0, ISR [0], adding replicas [] and removing replicas [] . Previous leader None and previous leader epoch was -1.
2025-09-24T05:37:11.647+05:30  INFO 15304 --- [r-event-handler] state.change.logger                      : [Broker id=0] Creating new partition __consumer_offsets-46 with topic id ty3v6zbESQiAMlUpgb0xuQ.
2025-09-24T05:37:11.654+05:30  INFO 15304 --- [r-event-handler] kafka.log.UnifiedLog$                    : [LogLoader partition=__consumer_offsets-46, dir=C:\Users\sachi\AppData\Local\Temp\kafka-8421187435840485386\broker_0_data0] Loading producer state till offset 0 with message format version 2
2025-09-24T05:37:11.654+05:30  INFO 15304 --- [r-event-handler] kafka.log.LogManager                     : Created log for partition __consumer_offsets-46 in C:\Users\sachi\AppData\Local\Temp\kafka-8421187435840485386\broker_0_data0\__consumer_offsets-46 with properties {cleanup.policy=compact, compression.type="producer", segment.bytes=104857600}
2025-09-24T05:37:11.654+05:30  INFO 15304 --- [r-event-handler] kafka.cluster.Partition                  : [Partition __consumer_offsets-46 broker=0] No checkpointed highwatermark is found for partition __consumer_offsets-46
2025-09-24T05:37:11.654+05:30  INFO 15304 --- [r-event-handler] kafka.cluster.Partition                  : [Partition __consumer_offsets-46 broker=0] Log loaded for partition __consumer_offsets-46 with initial high watermark 0
2025-09-24T05:37:11.658+05:30  INFO 15304 --- [r-event-handler] state.change.logger                      : [Broker id=0] Leader __consumer_offsets-46 with topic id Some(ty3v6zbESQiAMlUpgb0xuQ) starts at leader epoch 0 from offset 0 with partition epoch 0, high watermark 0, ISR [0], adding replicas [] and removing replicas [] . Previous leader None and previous leader epoch was -1.
2025-09-24T05:37:11.658+05:30  INFO 15304 --- [r-event-handler] state.change.logger                      : [Broker id=0] Creating new partition __consumer_offsets-9 with topic id ty3v6zbESQiAMlUpgb0xuQ.
2025-09-24T05:37:11.658+05:30  INFO 15304 --- [ntainer#0-0-C-1] o.a.k.c.c.internals.ConsumerCoordinator  : [Consumer clientId=consumer-midas-core-test-1, groupId=midas-core-test] Discovered group coordinator localhost:52128 (id: 2147483647 rack: null)
2025-09-24T05:37:11.658+05:30  INFO 15304 --- [ntainer#0-0-C-1] o.a.k.c.c.internals.ConsumerCoordinator  : [Consumer clientId=consumer-midas-core-test-1, groupId=midas-core-test] (Re-)joining group
2025-09-24T05:37:11.670+05:30  INFO 15304 --- [r-event-handler] kafka.log.UnifiedLog$                    : [LogLoader partition=__consumer_offsets-9, dir=C:\Users\sachi\AppData\Local\Temp\kafka-8421187435840485386\broker_0_data0] Loading producer state till offset 0 with message format version 2
2025-09-24T05:37:11.671+05:30  INFO 15304 --- [r-event-handler] kafka.log.LogManager                     : Created log for partition __consumer_offsets-9 in C:\Users\sachi\AppData\Local\Temp\kafka-8421187435840485386\broker_0_data0\__consumer_offsets-9 with properties {cleanup.policy=compact, compression.type="producer", segment.bytes=104857600}
2025-09-24T05:37:11.672+05:30  INFO 15304 --- [r-event-handler] kafka.cluster.Partition                  : [Partition __consumer_offsets-9 broker=0] No checkpointed highwatermark is found for partition __consumer_offsets-9
2025-09-24T05:37:11.672+05:30  INFO 15304 --- [r-event-handler] kafka.cluster.Partition                  : [Partition __consumer_offsets-9 broker=0] Log loaded for partition __consumer_offsets-9 with initial high watermark 0
2025-09-24T05:37:11.672+05:30  INFO 15304 --- [r-event-handler] state.change.logger                      : [Broker id=0] Leader __consumer_offsets-9 with topic id Some(ty3v6zbESQiAMlUpgb0xuQ) starts at leader epoch 0 from offset 0 with partition epoch 0, high watermark 0, ISR [0], adding replicas [] and removing replicas [] . Previous leader None and previous leader epoch was -1.
2025-09-24T05:37:11.675+05:30  INFO 15304 --- [r-event-handler] state.change.logger                      : [Broker id=0] Creating new partition __consumer_offsets-42 with topic id ty3v6zbESQiAMlUpgb0xuQ.
2025-09-24T05:37:11.682+05:30  INFO 15304 --- [r-event-handler] kafka.log.UnifiedLog$                    : [LogLoader partition=__consumer_offsets-42, dir=C:\Users\sachi\AppData\Local\Temp\kafka-8421187435840485386\broker_0_data0] Loading producer state till offset 0 with message format version 2
2025-09-24T05:37:11.682+05:30  INFO 15304 --- [r-event-handler] kafka.log.LogManager                     : Created log for partition __consumer_offsets-42 in C:\Users\sachi\AppData\Local\Temp\kafka-8421187435840485386\broker_0_data0\__consumer_offsets-42 with properties {cleanup.policy=compact, compression.type="producer", segment.bytes=104857600}
2025-09-24T05:37:11.682+05:30  INFO 15304 --- [r-event-handler] kafka.cluster.Partition                  : [Partition __consumer_offsets-42 broker=0] No checkpointed highwatermark is found for partition __consumer_offsets-42
2025-09-24T05:37:11.682+05:30  INFO 15304 --- [r-event-handler] kafka.cluster.Partition                  : [Partition __consumer_offsets-42 broker=0] Log loaded for partition __consumer_offsets-42 with initial high watermark 0
2025-09-24T05:37:11.682+05:30  INFO 15304 --- [r-event-handler] state.change.logger                      : [Broker id=0] Leader __consumer_offsets-42 with topic id Some(ty3v6zbESQiAMlUpgb0xuQ) starts at leader epoch 0 from offset 0 with partition epoch 0, high watermark 0, ISR [0], adding replicas [] and removing replicas [] . Previous leader None and previous leader epoch was -1.
2025-09-24T05:37:11.689+05:30  INFO 15304 --- [r-event-handler] state.change.logger                      : [Broker id=0] Creating new partition __consumer_offsets-21 with topic id ty3v6zbESQiAMlUpgb0xuQ.
2025-09-24T05:37:11.695+05:30  INFO 15304 --- [ntainer#0-0-C-1] o.a.k.c.c.internals.ConsumerCoordinator  : [Consumer clientId=consumer-midas-core-test-1, groupId=midas-core-test] Group coordinator localhost:52128 (id: 2147483647 rack: null) is unavailable or invalid due to cause: error response NOT_COORDINATOR. isDisconnected: false. Rediscovery will be attempted.
2025-09-24T05:37:11.695+05:30  INFO 15304 --- [ntainer#0-0-C-1] o.a.k.c.c.internals.ConsumerCoordinator  : [Consumer clientId=consumer-midas-core-test-1, groupId=midas-core-test] Requesting disconnect from last known coordinator localhost:52128 (id: 2147483647 rack: null)
2025-09-24T05:37:11.695+05:30  INFO 15304 --- [ntainer#0-0-C-1] o.a.k.c.c.internals.ConsumerCoordinator  : [Consumer clientId=consumer-midas-core-test-1, groupId=midas-core-test] JoinGroup failed: This is not the correct coordinator. Marking coordinator unknown. Sent generation was Generation{generationId=-1, memberId='', protocol='null'}
2025-09-24T05:37:11.695+05:30  INFO 15304 --- [ntainer#0-0-C-1] org.apache.kafka.clients.NetworkClient   : [Consumer clientId=consumer-midas-core-test-1, groupId=midas-core-test] Client requested disconnect from node 2147483647
2025-09-24T05:37:11.695+05:30  INFO 15304 --- [r-event-handler] kafka.log.UnifiedLog$                    : [LogLoader partition=__consumer_offsets-21, dir=C:\Users\sachi\AppData\Local\Temp\kafka-8421187435840485386\broker_0_data0] Loading producer state till offset 0 with message format version 2
2025-09-24T05:37:11.702+05:30  INFO 15304 --- [r-event-handler] kafka.log.LogManager                     : Created log for partition __consumer_offsets-21 in C:\Users\sachi\AppData\Local\Temp\kafka-8421187435840485386\broker_0_data0\__consumer_offsets-21 with properties {cleanup.policy=compact, compression.type="producer", segment.bytes=104857600}
2025-09-24T05:37:11.702+05:30  INFO 15304 --- [r-event-handler] kafka.cluster.Partition                  : [Partition __consumer_offsets-21 broker=0] No checkpointed highwatermark is found for partition __consumer_offsets-21
2025-09-24T05:37:11.702+05:30  INFO 15304 --- [r-event-handler] kafka.cluster.Partition                  : [Partition __consumer_offsets-21 broker=0] Log loaded for partition __consumer_offsets-21 with initial high watermark 0
2025-09-24T05:37:11.702+05:30  INFO 15304 --- [r-event-handler] state.change.logger                      : [Broker id=0] Leader __consumer_offsets-21 with topic id Some(ty3v6zbESQiAMlUpgb0xuQ) starts at leader epoch 0 from offset 0 with partition epoch 0, high watermark 0, ISR [0], adding replicas [] and removing replicas [] . Previous leader None and previous leader epoch was -1.
2025-09-24T05:37:11.702+05:30  INFO 15304 --- [ntainer#0-0-C-1] o.a.k.c.c.internals.ConsumerCoordinator  : [Consumer clientId=consumer-midas-core-test-1, groupId=midas-core-test] Discovered group coordinator localhost:52128 (id: 2147483647 rack: null)
2025-09-24T05:37:11.704+05:30  INFO 15304 --- [ntainer#0-0-C-1] o.a.k.c.c.internals.ConsumerCoordinator  : [Consumer clientId=consumer-midas-core-test-1, groupId=midas-core-test] Group coordinator localhost:52128 (id: 2147483647 rack: null) is unavailable or invalid due to cause: coordinator unavailable. isDisconnected: false. Rediscovery will be attempted.
2025-09-24T05:37:11.704+05:30  INFO 15304 --- [ntainer#0-0-C-1] o.a.k.c.c.internals.ConsumerCoordinator  : [Consumer clientId=consumer-midas-core-test-1, groupId=midas-core-test] Requesting disconnect from last known coordinator localhost:52128 (id: 2147483647 rack: null)
2025-09-24T05:37:11.704+05:30  INFO 15304 --- [r-event-handler] state.change.logger                      : [Broker id=0] Creating new partition __consumer_offsets-17 with topic id ty3v6zbESQiAMlUpgb0xuQ.
2025-09-24T05:37:11.711+05:30  INFO 15304 --- [r-event-handler] kafka.log.UnifiedLog$                    : [LogLoader partition=__consumer_offsets-17, dir=C:\Users\sachi\AppData\Local\Temp\kafka-8421187435840485386\broker_0_data0] Loading producer state till offset 0 with message format version 2
2025-09-24T05:37:11.717+05:30  INFO 15304 --- [r-event-handler] kafka.log.LogManager                     : Created log for partition __consumer_offsets-17 in C:\Users\sachi\AppData\Local\Temp\kafka-8421187435840485386\broker_0_data0\__consumer_offsets-17 with properties {cleanup.policy=compact, compression.type="producer", segment.bytes=104857600}
2025-09-24T05:37:11.717+05:30  INFO 15304 --- [r-event-handler] kafka.cluster.Partition                  : [Partition __consumer_offsets-17 broker=0] No checkpointed highwatermark is found for partition __consumer_offsets-17
2025-09-24T05:37:11.717+05:30  INFO 15304 --- [r-event-handler] kafka.cluster.Partition                  : [Partition __consumer_offsets-17 broker=0] Log loaded for partition __consumer_offsets-17 with initial high watermark 0
2025-09-24T05:37:11.717+05:30  INFO 15304 --- [r-event-handler] state.change.logger                      : [Broker id=0] Leader __consumer_offsets-17 with topic id Some(ty3v6zbESQiAMlUpgb0xuQ) starts at leader epoch 0 from offset 0 with partition epoch 0, high watermark 0, ISR [0], adding replicas [] and removing replicas [] . Previous leader None and previous leader epoch was -1.
2025-09-24T05:37:11.723+05:30  INFO 15304 --- [r-event-handler] state.change.logger                      : [Broker id=0] Creating new partition __consumer_offsets-30 with topic id ty3v6zbESQiAMlUpgb0xuQ.
2025-09-24T05:37:11.734+05:30  INFO 15304 --- [r-event-handler] kafka.log.UnifiedLog$                    : [LogLoader partition=__consumer_offsets-30, dir=C:\Users\sachi\AppData\Local\Temp\kafka-8421187435840485386\broker_0_data0] Loading producer state till offset 0 with message format version 2
2025-09-24T05:37:11.734+05:30  INFO 15304 --- [r-event-handler] kafka.log.LogManager                     : Created log for partition __consumer_offsets-30 in C:\Users\sachi\AppData\Local\Temp\kafka-8421187435840485386\broker_0_data0\__consumer_offsets-30 with properties {cleanup.policy=compact, compression.type="producer", segment.bytes=104857600}
2025-09-24T05:37:11.734+05:30  INFO 15304 --- [r-event-handler] kafka.cluster.Partition                  : [Partition __consumer_offsets-30 broker=0] No checkpointed highwatermark is found for partition __consumer_offsets-30
2025-09-24T05:37:11.734+05:30  INFO 15304 --- [r-event-handler] kafka.cluster.Partition                  : [Partition __consumer_offsets-30 broker=0] Log loaded for partition __consumer_offsets-30 with initial high watermark 0
2025-09-24T05:37:11.734+05:30  INFO 15304 --- [r-event-handler] state.change.logger                      : [Broker id=0] Leader __consumer_offsets-30 with topic id Some(ty3v6zbESQiAMlUpgb0xuQ) starts at leader epoch 0 from offset 0 with partition epoch 0, high watermark 0, ISR [0], adding replicas [] and removing replicas [] . Previous leader None and previous leader epoch was -1.
2025-09-24T05:37:11.739+05:30  INFO 15304 --- [r-event-handler] state.change.logger                      : [Broker id=0] Creating new partition __consumer_offsets-26 with topic id ty3v6zbESQiAMlUpgb0xuQ.
2025-09-24T05:37:11.743+05:30  INFO 15304 --- [r-event-handler] kafka.log.UnifiedLog$                    : [LogLoader partition=__consumer_offsets-26, dir=C:\Users\sachi\AppData\Local\Temp\kafka-8421187435840485386\broker_0_data0] Loading producer state till offset 0 with message format version 2
2025-09-24T05:37:11.743+05:30  INFO 15304 --- [r-event-handler] kafka.log.LogManager                     : Created log for partition __consumer_offsets-26 in C:\Users\sachi\AppData\Local\Temp\kafka-8421187435840485386\broker_0_data0\__consumer_offsets-26 with properties {cleanup.policy=compact, compression.type="producer", segment.bytes=104857600}
2025-09-24T05:37:11.743+05:30  INFO 15304 --- [r-event-handler] kafka.cluster.Partition                  : [Partition __consumer_offsets-26 broker=0] No checkpointed highwatermark is found for partition __consumer_offsets-26
2025-09-24T05:37:11.743+05:30  INFO 15304 --- [r-event-handler] kafka.cluster.Partition                  : [Partition __consumer_offsets-26 broker=0] Log loaded for partition __consumer_offsets-26 with initial high watermark 0
2025-09-24T05:37:11.743+05:30  INFO 15304 --- [r-event-handler] state.change.logger                      : [Broker id=0] Leader __consumer_offsets-26 with topic id Some(ty3v6zbESQiAMlUpgb0xuQ) starts at leader epoch 0 from offset 0 with partition epoch 0, high watermark 0, ISR [0], adding replicas [] and removing replicas [] . Previous leader None and previous leader epoch was -1.
2025-09-24T05:37:11.743+05:30  INFO 15304 --- [r-event-handler] state.change.logger                      : [Broker id=0] Creating new partition __consumer_offsets-5 with topic id ty3v6zbESQiAMlUpgb0xuQ.
2025-09-24T05:37:11.759+05:30  INFO 15304 --- [r-event-handler] kafka.log.UnifiedLog$                    : [LogLoader partition=__consumer_offsets-5, dir=C:\Users\sachi\AppData\Local\Temp\kafka-8421187435840485386\broker_0_data0] Loading producer state till offset 0 with message format version 2
2025-09-24T05:37:11.759+05:30  INFO 15304 --- [r-event-handler] kafka.log.LogManager                     : Created log for partition __consumer_offsets-5 in C:\Users\sachi\AppData\Local\Temp\kafka-8421187435840485386\broker_0_data0\__consumer_offsets-5 with properties {cleanup.policy=compact, compression.type="producer", segment.bytes=104857600}
2025-09-24T05:37:11.759+05:30  INFO 15304 --- [r-event-handler] kafka.cluster.Partition                  : [Partition __consumer_offsets-5 broker=0] No checkpointed highwatermark is found for partition __consumer_offsets-5
2025-09-24T05:37:11.759+05:30  INFO 15304 --- [r-event-handler] kafka.cluster.Partition                  : [Partition __consumer_offsets-5 broker=0] Log loaded for partition __consumer_offsets-5 with initial high watermark 0
2025-09-24T05:37:11.759+05:30  INFO 15304 --- [r-event-handler] state.change.logger                      : [Broker id=0] Leader __consumer_offsets-5 with topic id Some(ty3v6zbESQiAMlUpgb0xuQ) starts at leader epoch 0 from offset 0 with partition epoch 0, high watermark 0, ISR [0], adding replicas [] and removing replicas [] . Previous leader None and previous leader epoch was -1.
2025-09-24T05:37:11.759+05:30  INFO 15304 --- [r-event-handler] state.change.logger                      : [Broker id=0] Creating new partition __consumer_offsets-38 with topic id ty3v6zbESQiAMlUpgb0xuQ.
2025-09-24T05:37:11.774+05:30  INFO 15304 --- [r-event-handler] kafka.log.UnifiedLog$                    : [LogLoader partition=__consumer_offsets-38, dir=C:\Users\sachi\AppData\Local\Temp\kafka-8421187435840485386\broker_0_data0] Loading producer state till offset 0 with message format version 2
2025-09-24T05:37:11.774+05:30  INFO 15304 --- [r-event-handler] kafka.log.LogManager                     : Created log for partition __consumer_offsets-38 in C:\Users\sachi\AppData\Local\Temp\kafka-8421187435840485386\broker_0_data0\__consumer_offsets-38 with properties {cleanup.policy=compact, compression.type="producer", segment.bytes=104857600}
2025-09-24T05:37:11.774+05:30  INFO 15304 --- [r-event-handler] kafka.cluster.Partition                  : [Partition __consumer_offsets-38 broker=0] No checkpointed highwatermark is found for partition __consumer_offsets-38
2025-09-24T05:37:11.774+05:30  INFO 15304 --- [r-event-handler] kafka.cluster.Partition                  : [Partition __consumer_offsets-38 broker=0] Log loaded for partition __consumer_offsets-38 with initial high watermark 0
2025-09-24T05:37:11.774+05:30  INFO 15304 --- [r-event-handler] state.change.logger                      : [Broker id=0] Leader __consumer_offsets-38 with topic id Some(ty3v6zbESQiAMlUpgb0xuQ) starts at leader epoch 0 from offset 0 with partition epoch 0, high watermark 0, ISR [0], adding replicas [] and removing replicas [] . Previous leader None and previous leader epoch was -1.
2025-09-24T05:37:11.774+05:30  INFO 15304 --- [r-event-handler] state.change.logger                      : [Broker id=0] Creating new partition __consumer_offsets-1 with topic id ty3v6zbESQiAMlUpgb0xuQ.
2025-09-24T05:37:11.789+05:30  INFO 15304 --- [r-event-handler] kafka.log.UnifiedLog$                    : [LogLoader partition=__consumer_offsets-1, dir=C:\Users\sachi\AppData\Local\Temp\kafka-8421187435840485386\broker_0_data0] Loading producer state till offset 0 with message format version 2
2025-09-24T05:37:11.790+05:30  INFO 15304 --- [r-event-handler] kafka.log.LogManager                     : Created log for partition __consumer_offsets-1 in C:\Users\sachi\AppData\Local\Temp\kafka-8421187435840485386\broker_0_data0\__consumer_offsets-1 with properties {cleanup.policy=compact, compression.type="producer", segment.bytes=104857600}
2025-09-24T05:37:11.792+05:30  INFO 15304 --- [r-event-handler] kafka.cluster.Partition                  : [Partition __consumer_offsets-1 broker=0] No checkpointed highwatermark is found for partition __consumer_offsets-1
2025-09-24T05:37:11.792+05:30  INFO 15304 --- [r-event-handler] kafka.cluster.Partition                  : [Partition __consumer_offsets-1 broker=0] Log loaded for partition __consumer_offsets-1 with initial high watermark 0
2025-09-24T05:37:11.792+05:30  INFO 15304 --- [r-event-handler] state.change.logger                      : [Broker id=0] Leader __consumer_offsets-1 with topic id Some(ty3v6zbESQiAMlUpgb0xuQ) starts at leader epoch 0 from offset 0 with partition epoch 0, high watermark 0, ISR [0], adding replicas [] and removing replicas [] . Previous leader None and previous leader epoch was -1.
2025-09-24T05:37:11.792+05:30  INFO 15304 --- [r-event-handler] state.change.logger                      : [Broker id=0] Creating new partition __consumer_offsets-34 with topic id ty3v6zbESQiAMlUpgb0xuQ.
2025-09-24T05:37:11.805+05:30  INFO 15304 --- [r-event-handler] kafka.log.UnifiedLog$                    : [LogLoader partition=__consumer_offsets-34, dir=C:\Users\sachi\AppData\Local\Temp\kafka-8421187435840485386\broker_0_data0] Loading producer state till offset 0 with message format version 2
2025-09-24T05:37:11.808+05:30  INFO 15304 --- [r-event-handler] kafka.log.LogManager                     : Created log for partition __consumer_offsets-34 in C:\Users\sachi\AppData\Local\Temp\kafka-8421187435840485386\broker_0_data0\__consumer_offsets-34 with properties {cleanup.policy=compact, compression.type="producer", segment.bytes=104857600}
2025-09-24T05:37:11.808+05:30  INFO 15304 --- [r-event-handler] kafka.cluster.Partition                  : [Partition __consumer_offsets-34 broker=0] No checkpointed highwatermark is found for partition __consumer_offsets-34
2025-09-24T05:37:11.808+05:30  INFO 15304 --- [r-event-handler] kafka.cluster.Partition                  : [Partition __consumer_offsets-34 broker=0] Log loaded for partition __consumer_offsets-34 with initial high watermark 0
2025-09-24T05:37:11.808+05:30  INFO 15304 --- [r-event-handler] state.change.logger                      : [Broker id=0] Leader __consumer_offsets-34 with topic id Some(ty3v6zbESQiAMlUpgb0xuQ) starts at leader epoch 0 from offset 0 with partition epoch 0, high watermark 0, ISR [0], adding replicas [] and removing replicas [] . Previous leader None and previous leader epoch was -1.
2025-09-24T05:37:11.810+05:30  INFO 15304 --- [ntainer#0-0-C-1] o.a.k.c.c.internals.ConsumerCoordinator  : [Consumer clientId=consumer-midas-core-test-1, groupId=midas-core-test] Discovered group coordinator localhost:52128 (id: 2147483647 rack: null)
2025-09-24T05:37:11.812+05:30  INFO 15304 --- [ntainer#0-0-C-1] o.a.k.c.c.internals.ConsumerCoordinator  : [Consumer clientId=consumer-midas-core-test-1, groupId=midas-core-test] Request joining group due to: rebalance failed due to 'This is not the correct coordinator.' (NotCoordinatorException)
2025-09-24T05:37:11.813+05:30  INFO 15304 --- [ntainer#0-0-C-1] o.a.k.c.c.internals.ConsumerCoordinator  : [Consumer clientId=consumer-midas-core-test-1, groupId=midas-core-test] (Re-)joining group
2025-09-24T05:37:11.813+05:30  INFO 15304 --- [r-event-handler] state.change.logger                      : [Broker id=0] Creating new partition __consumer_offsets-16 with topic id ty3v6zbESQiAMlUpgb0xuQ.
2025-09-24T05:37:11.817+05:30  INFO 15304 --- [ntainer#0-0-C-1] o.a.k.c.c.internals.ConsumerCoordinator  : [Consumer clientId=consumer-midas-core-test-1, groupId=midas-core-test] Group coordinator localhost:52128 (id: 2147483647 rack: null) is unavailable or invalid due to cause: error response NOT_COORDINATOR. isDisconnected: false. Rediscovery will be attempted.
2025-09-24T05:37:11.817+05:30  INFO 15304 --- [ntainer#0-0-C-1] o.a.k.c.c.internals.ConsumerCoordinator  : [Consumer clientId=consumer-midas-core-test-1, groupId=midas-core-test] Requesting disconnect from last known coordinator localhost:52128 (id: 2147483647 rack: null)
2025-09-24T05:37:11.817+05:30  INFO 15304 --- [ntainer#0-0-C-1] o.a.k.c.c.internals.ConsumerCoordinator  : [Consumer clientId=consumer-midas-core-test-1, groupId=midas-core-test] JoinGroup failed: This is not the correct coordinator. Marking coordinator unknown. Sent generation was Generation{generationId=-1, memberId='', protocol='null'}
2025-09-24T05:37:11.817+05:30  INFO 15304 --- [ntainer#0-0-C-1] org.apache.kafka.clients.NetworkClient   : [Consumer clientId=consumer-midas-core-test-1, groupId=midas-core-test] Client requested disconnect from node 2147483647
2025-09-24T05:37:11.817+05:30  INFO 15304 --- [ntainer#0-0-C-1] o.a.k.c.c.internals.ConsumerCoordinator  : [Consumer clientId=consumer-midas-core-test-1, groupId=midas-core-test] Discovered group coordinator localhost:52128 (id: 2147483647 rack: null)
2025-09-24T05:37:11.817+05:30  INFO 15304 --- [ntainer#0-0-C-1] o.a.k.c.c.internals.ConsumerCoordinator  : [Consumer clientId=consumer-midas-core-test-1, groupId=midas-core-test] Group coordinator localhost:52128 (id: 2147483647 rack: null) is unavailable or invalid due to cause: coordinator unavailable. isDisconnected: false. Rediscovery will be attempted.
2025-09-24T05:37:11.817+05:30  INFO 15304 --- [ntainer#0-0-C-1] o.a.k.c.c.internals.ConsumerCoordinator  : [Consumer clientId=consumer-midas-core-test-1, groupId=midas-core-test] Requesting disconnect from last known coordinator localhost:52128 (id: 2147483647 rack: null)
2025-09-24T05:37:11.817+05:30  INFO 15304 --- [r-event-handler] kafka.log.UnifiedLog$                    : [LogLoader partition=__consumer_offsets-16, dir=C:\Users\sachi\AppData\Local\Temp\kafka-8421187435840485386\broker_0_data0] Loading producer state till offset 0 with message format version 2
2025-09-24T05:37:11.826+05:30  INFO 15304 --- [r-event-handler] kafka.log.LogManager                     : Created log for partition __consumer_offsets-16 in C:\Users\sachi\AppData\Local\Temp\kafka-8421187435840485386\broker_0_data0\__consumer_offsets-16 with properties {cleanup.policy=compact, compression.type="producer", segment.bytes=104857600}
2025-09-24T05:37:11.827+05:30  INFO 15304 --- [r-event-handler] kafka.cluster.Partition                  : [Partition __consumer_offsets-16 broker=0] No checkpointed highwatermark is found for partition __consumer_offsets-16
2025-09-24T05:37:11.827+05:30  INFO 15304 --- [r-event-handler] kafka.cluster.Partition                  : [Partition __consumer_offsets-16 broker=0] Log loaded for partition __consumer_offsets-16 with initial high watermark 0
2025-09-24T05:37:11.827+05:30  INFO 15304 --- [r-event-handler] state.change.logger                      : [Broker id=0] Leader __consumer_offsets-16 with topic id Some(ty3v6zbESQiAMlUpgb0xuQ) starts at leader epoch 0 from offset 0 with partition epoch 0, high watermark 0, ISR [0], adding replicas [] and removing replicas [] . Previous leader None and previous leader epoch was -1.
2025-09-24T05:37:11.831+05:30  INFO 15304 --- [r-event-handler] state.change.logger                      : [Broker id=0] Creating new partition __consumer_offsets-45 with topic id ty3v6zbESQiAMlUpgb0xuQ.
2025-09-24T05:37:11.843+05:30  INFO 15304 --- [r-event-handler] kafka.log.UnifiedLog$                    : [LogLoader partition=__consumer_offsets-45, dir=C:\Users\sachi\AppData\Local\Temp\kafka-8421187435840485386\broker_0_data0] Loading producer state till offset 0 with message format version 2
2025-09-24T05:37:11.843+05:30  INFO 15304 --- [r-event-handler] kafka.log.LogManager                     : Created log for partition __consumer_offsets-45 in C:\Users\sachi\AppData\Local\Temp\kafka-8421187435840485386\broker_0_data0\__consumer_offsets-45 with properties {cleanup.policy=compact, compression.type="producer", segment.bytes=104857600}
2025-09-24T05:37:11.843+05:30  INFO 15304 --- [r-event-handler] kafka.cluster.Partition                  : [Partition __consumer_offsets-45 broker=0] No checkpointed highwatermark is found for partition __consumer_offsets-45
2025-09-24T05:37:11.843+05:30  INFO 15304 --- [r-event-handler] kafka.cluster.Partition                  : [Partition __consumer_offsets-45 broker=0] Log loaded for partition __consumer_offsets-45 with initial high watermark 0
2025-09-24T05:37:11.843+05:30  INFO 15304 --- [r-event-handler] state.change.logger                      : [Broker id=0] Leader __consumer_offsets-45 with topic id Some(ty3v6zbESQiAMlUpgb0xuQ) starts at leader epoch 0 from offset 0 with partition epoch 0, high watermark 0, ISR [0], adding replicas [] and removing replicas [] . Previous leader None and previous leader epoch was -1.
2025-09-24T05:37:11.847+05:30  INFO 15304 --- [r-event-handler] state.change.logger                      : [Broker id=0] Creating new partition __consumer_offsets-12 with topic id ty3v6zbESQiAMlUpgb0xuQ.
2025-09-24T05:37:11.853+05:30  INFO 15304 --- [r-event-handler] kafka.log.UnifiedLog$                    : [LogLoader partition=__consumer_offsets-12, dir=C:\Users\sachi\AppData\Local\Temp\kafka-8421187435840485386\broker_0_data0] Loading producer state till offset 0 with message format version 2
2025-09-24T05:37:11.859+05:30  INFO 15304 --- [r-event-handler] kafka.log.LogManager                     : Created log for partition __consumer_offsets-12 in C:\Users\sachi\AppData\Local\Temp\kafka-8421187435840485386\broker_0_data0\__consumer_offsets-12 with properties {cleanup.policy=compact, compression.type="producer", segment.bytes=104857600}
2025-09-24T05:37:11.859+05:30  INFO 15304 --- [r-event-handler] kafka.cluster.Partition                  : [Partition __consumer_offsets-12 broker=0] No checkpointed highwatermark is found for partition __consumer_offsets-12
2025-09-24T05:37:11.859+05:30  INFO 15304 --- [r-event-handler] kafka.cluster.Partition                  : [Partition __consumer_offsets-12 broker=0] Log loaded for partition __consumer_offsets-12 with initial high watermark 0
2025-09-24T05:37:11.859+05:30  INFO 15304 --- [r-event-handler] state.change.logger                      : [Broker id=0] Leader __consumer_offsets-12 with topic id Some(ty3v6zbESQiAMlUpgb0xuQ) starts at leader epoch 0 from offset 0 with partition epoch 0, high watermark 0, ISR [0], adding replicas [] and removing replicas [] . Previous leader None and previous leader epoch was -1.
2025-09-24T05:37:11.859+05:30  INFO 15304 --- [r-event-handler] state.change.logger                      : [Broker id=0] Creating new partition __consumer_offsets-41 with topic id ty3v6zbESQiAMlUpgb0xuQ.
2025-09-24T05:37:11.864+05:30  INFO 15304 --- [r-event-handler] kafka.log.UnifiedLog$                    : [LogLoader partition=__consumer_offsets-41, dir=C:\Users\sachi\AppData\Local\Temp\kafka-8421187435840485386\broker_0_data0] Loading producer state till offset 0 with message format version 2
2025-09-24T05:37:11.872+05:30  INFO 15304 --- [r-event-handler] kafka.log.LogManager                     : Created log for partition __consumer_offsets-41 in C:\Users\sachi\AppData\Local\Temp\kafka-8421187435840485386\broker_0_data0\__consumer_offsets-41 with properties {cleanup.policy=compact, compression.type="producer", segment.bytes=104857600}
2025-09-24T05:37:11.872+05:30  INFO 15304 --- [r-event-handler] kafka.cluster.Partition                  : [Partition __consumer_offsets-41 broker=0] No checkpointed highwatermark is found for partition __consumer_offsets-41
2025-09-24T05:37:11.872+05:30  INFO 15304 --- [r-event-handler] kafka.cluster.Partition                  : [Partition __consumer_offsets-41 broker=0] Log loaded for partition __consumer_offsets-41 with initial high watermark 0
2025-09-24T05:37:11.872+05:30  INFO 15304 --- [r-event-handler] state.change.logger                      : [Broker id=0] Leader __consumer_offsets-41 with topic id Some(ty3v6zbESQiAMlUpgb0xuQ) starts at leader epoch 0 from offset 0 with partition epoch 0, high watermark 0, ISR [0], adding replicas [] and removing replicas [] . Previous leader None and previous leader epoch was -1.
2025-09-24T05:37:11.875+05:30  INFO 15304 --- [r-event-handler] state.change.logger                      : [Broker id=0] Creating new partition __consumer_offsets-24 with topic id ty3v6zbESQiAMlUpgb0xuQ.
2025-09-24T05:37:11.885+05:30  INFO 15304 --- [r-event-handler] kafka.log.UnifiedLog$                    : [LogLoader partition=__consumer_offsets-24, dir=C:\Users\sachi\AppData\Local\Temp\kafka-8421187435840485386\broker_0_data0] Loading producer state till offset 0 with message format version 2
2025-09-24T05:37:11.885+05:30  INFO 15304 --- [r-event-handler] kafka.log.LogManager                     : Created log for partition __consumer_offsets-24 in C:\Users\sachi\AppData\Local\Temp\kafka-8421187435840485386\broker_0_data0\__consumer_offsets-24 with properties {cleanup.policy=compact, compression.type="producer", segment.bytes=104857600}
2025-09-24T05:37:11.885+05:30  INFO 15304 --- [r-event-handler] kafka.cluster.Partition                  : [Partition __consumer_offsets-24 broker=0] No checkpointed highwatermark is found for partition __consumer_offsets-24
2025-09-24T05:37:11.885+05:30  INFO 15304 --- [r-event-handler] kafka.cluster.Partition                  : [Partition __consumer_offsets-24 broker=0] Log loaded for partition __consumer_offsets-24 with initial high watermark 0
2025-09-24T05:37:11.885+05:30  INFO 15304 --- [r-event-handler] state.change.logger                      : [Broker id=0] Leader __consumer_offsets-24 with topic id Some(ty3v6zbESQiAMlUpgb0xuQ) starts at leader epoch 0 from offset 0 with partition epoch 0, high watermark 0, ISR [0], adding replicas [] and removing replicas [] . Previous leader None and previous leader epoch was -1.
2025-09-24T05:37:11.885+05:30  INFO 15304 --- [r-event-handler] state.change.logger                      : [Broker id=0] Creating new partition __consumer_offsets-20 with topic id ty3v6zbESQiAMlUpgb0xuQ.
2025-09-24T05:37:11.898+05:30  INFO 15304 --- [r-event-handler] kafka.log.UnifiedLog$                    : [LogLoader partition=__consumer_offsets-20, dir=C:\Users\sachi\AppData\Local\Temp\kafka-8421187435840485386\broker_0_data0] Loading producer state till offset 0 with message format version 2
2025-09-24T05:37:11.898+05:30  INFO 15304 --- [r-event-handler] kafka.log.LogManager                     : Created log for partition __consumer_offsets-20 in C:\Users\sachi\AppData\Local\Temp\kafka-8421187435840485386\broker_0_data0\__consumer_offsets-20 with properties {cleanup.policy=compact, compression.type="producer", segment.bytes=104857600}
2025-09-24T05:37:11.898+05:30  INFO 15304 --- [r-event-handler] kafka.cluster.Partition                  : [Partition __consumer_offsets-20 broker=0] No checkpointed highwatermark is found for partition __consumer_offsets-20
2025-09-24T05:37:11.898+05:30  INFO 15304 --- [r-event-handler] kafka.cluster.Partition                  : [Partition __consumer_offsets-20 broker=0] Log loaded for partition __consumer_offsets-20 with initial high watermark 0
2025-09-24T05:37:11.898+05:30  INFO 15304 --- [r-event-handler] state.change.logger                      : [Broker id=0] Leader __consumer_offsets-20 with topic id Some(ty3v6zbESQiAMlUpgb0xuQ) starts at leader epoch 0 from offset 0 with partition epoch 0, high watermark 0, ISR [0], adding replicas [] and removing replicas [] . Previous leader None and previous leader epoch was -1.
2025-09-24T05:37:11.898+05:30  INFO 15304 --- [r-event-handler] state.change.logger                      : [Broker id=0] Creating new partition __consumer_offsets-49 with topic id ty3v6zbESQiAMlUpgb0xuQ.
2025-09-24T05:37:11.914+05:30  INFO 15304 --- [r-event-handler] kafka.log.UnifiedLog$                    : [LogLoader partition=__consumer_offsets-49, dir=C:\Users\sachi\AppData\Local\Temp\kafka-8421187435840485386\broker_0_data0] Loading producer state till offset 0 with message format version 2
2025-09-24T05:37:11.914+05:30  INFO 15304 --- [r-event-handler] kafka.log.LogManager                     : Created log for partition __consumer_offsets-49 in C:\Users\sachi\AppData\Local\Temp\kafka-8421187435840485386\broker_0_data0\__consumer_offsets-49 with properties {cleanup.policy=compact, compression.type="producer", segment.bytes=104857600}
2025-09-24T05:37:11.914+05:30  INFO 15304 --- [r-event-handler] kafka.cluster.Partition                  : [Partition __consumer_offsets-49 broker=0] No checkpointed highwatermark is found for partition __consumer_offsets-49
2025-09-24T05:37:11.914+05:30  INFO 15304 --- [r-event-handler] kafka.cluster.Partition                  : [Partition __consumer_offsets-49 broker=0] Log loaded for partition __consumer_offsets-49 with initial high watermark 0
2025-09-24T05:37:11.914+05:30  INFO 15304 --- [r-event-handler] state.change.logger                      : [Broker id=0] Leader __consumer_offsets-49 with topic id Some(ty3v6zbESQiAMlUpgb0xuQ) starts at leader epoch 0 from offset 0 with partition epoch 0, high watermark 0, ISR [0], adding replicas [] and removing replicas [] . Previous leader None and previous leader epoch was -1.
2025-09-24T05:37:11.914+05:30  INFO 15304 --- [r-event-handler] state.change.logger                      : [Broker id=0] Creating new partition __consumer_offsets-0 with topic id ty3v6zbESQiAMlUpgb0xuQ.
2025-09-24T05:37:11.925+05:30  INFO 15304 --- [ntainer#0-0-C-1] o.a.k.c.c.internals.ConsumerCoordinator  : [Consumer clientId=consumer-midas-core-test-1, groupId=midas-core-test] Discovered group coordinator localhost:52128 (id: 2147483647 rack: null)
2025-09-24T05:37:11.928+05:30  INFO 15304 --- [ntainer#0-0-C-1] o.a.k.c.c.internals.ConsumerCoordinator  : [Consumer clientId=consumer-midas-core-test-1, groupId=midas-core-test] Request joining group due to: rebalance failed due to 'This is not the correct coordinator.' (NotCoordinatorException)
2025-09-24T05:37:11.928+05:30  INFO 15304 --- [r-event-handler] kafka.log.UnifiedLog$                    : [LogLoader partition=__consumer_offsets-0, dir=C:\Users\sachi\AppData\Local\Temp\kafka-8421187435840485386\broker_0_data0] Loading producer state till offset 0 with message format version 2
2025-09-24T05:37:11.928+05:30  INFO 15304 --- [ntainer#0-0-C-1] o.a.k.c.c.internals.ConsumerCoordinator  : [Consumer clientId=consumer-midas-core-test-1, groupId=midas-core-test] (Re-)joining group
2025-09-24T05:37:11.928+05:30  INFO 15304 --- [r-event-handler] kafka.log.LogManager                     : Created log for partition __consumer_offsets-0 in C:\Users\sachi\AppData\Local\Temp\kafka-8421187435840485386\broker_0_data0\__consumer_offsets-0 with properties {cleanup.policy=compact, compression.type="producer", segment.bytes=104857600}
2025-09-24T05:37:11.928+05:30  INFO 15304 --- [r-event-handler] kafka.cluster.Partition                  : [Partition __consumer_offsets-0 broker=0] No checkpointed highwatermark is found for partition __consumer_offsets-0
2025-09-24T05:37:11.928+05:30  INFO 15304 --- [r-event-handler] kafka.cluster.Partition                  : [Partition __consumer_offsets-0 broker=0] Log loaded for partition __consumer_offsets-0 with initial high watermark 0
2025-09-24T05:37:11.928+05:30  INFO 15304 --- [r-event-handler] state.change.logger                      : [Broker id=0] Leader __consumer_offsets-0 with topic id Some(ty3v6zbESQiAMlUpgb0xuQ) starts at leader epoch 0 from offset 0 with partition epoch 0, high watermark 0, ISR [0], adding replicas [] and removing replicas [] . Previous leader None and previous leader epoch was -1.
2025-09-24T05:37:11.932+05:30  INFO 15304 --- [ntainer#0-0-C-1] o.a.k.c.c.internals.ConsumerCoordinator  : [Consumer clientId=consumer-midas-core-test-1, groupId=midas-core-test] Group coordinator localhost:52128 (id: 2147483647 rack: null) is unavailable or invalid due to cause: error response NOT_COORDINATOR. isDisconnected: false. Rediscovery will be attempted.
2025-09-24T05:37:11.932+05:30  INFO 15304 --- [ntainer#0-0-C-1] o.a.k.c.c.internals.ConsumerCoordinator  : [Consumer clientId=consumer-midas-core-test-1, groupId=midas-core-test] Requesting disconnect from last known coordinator localhost:52128 (id: 2147483647 rack: null)
2025-09-24T05:37:11.932+05:30  INFO 15304 --- [ntainer#0-0-C-1] o.a.k.c.c.internals.ConsumerCoordinator  : [Consumer clientId=consumer-midas-core-test-1, groupId=midas-core-test] JoinGroup failed: This is not the correct coordinator. Marking coordinator unknown. Sent generation was Generation{generationId=-1, memberId='', protocol='null'}
2025-09-24T05:37:11.932+05:30  INFO 15304 --- [ntainer#0-0-C-1] org.apache.kafka.clients.NetworkClient   : [Consumer clientId=consumer-midas-core-test-1, groupId=midas-core-test] Client requested disconnect from node 2147483647
2025-09-24T05:37:11.932+05:30  INFO 15304 --- [r-event-handler] state.change.logger                      : [Broker id=0] Creating new partition __consumer_offsets-29 with topic id ty3v6zbESQiAMlUpgb0xuQ.
2025-09-24T05:37:11.935+05:30  INFO 15304 --- [ntainer#0-0-C-1] o.a.k.c.c.internals.ConsumerCoordinator  : [Consumer clientId=consumer-midas-core-test-1, groupId=midas-core-test] Discovered group coordinator localhost:52128 (id: 2147483647 rack: null)
2025-09-24T05:37:11.935+05:30  INFO 15304 --- [ntainer#0-0-C-1] o.a.k.c.c.internals.ConsumerCoordinator  : [Consumer clientId=consumer-midas-core-test-1, groupId=midas-core-test] Group coordinator localhost:52128 (id: 2147483647 rack: null) is unavailable or invalid due to cause: coordinator unavailable. isDisconnected: false. Rediscovery will be attempted.
2025-09-24T05:37:11.935+05:30  INFO 15304 --- [ntainer#0-0-C-1] o.a.k.c.c.internals.ConsumerCoordinator  : [Consumer clientId=consumer-midas-core-test-1, groupId=midas-core-test] Requesting disconnect from last known coordinator localhost:52128 (id: 2147483647 rack: null)
2025-09-24T05:37:11.939+05:30  INFO 15304 --- [r-event-handler] kafka.log.UnifiedLog$                    : [LogLoader partition=__consumer_offsets-29, dir=C:\Users\sachi\AppData\Local\Temp\kafka-8421187435840485386\broker_0_data0] Loading producer state till offset 0 with message format version 2
2025-09-24T05:37:11.939+05:30  INFO 15304 --- [r-event-handler] kafka.log.LogManager                     : Created log for partition __consumer_offsets-29 in C:\Users\sachi\AppData\Local\Temp\kafka-8421187435840485386\broker_0_data0\__consumer_offsets-29 with properties {cleanup.policy=compact, compression.type="producer", segment.bytes=104857600}
2025-09-24T05:37:11.939+05:30  INFO 15304 --- [r-event-handler] kafka.cluster.Partition                  : [Partition __consumer_offsets-29 broker=0] No checkpointed highwatermark is found for partition __consumer_offsets-29
2025-09-24T05:37:11.939+05:30  INFO 15304 --- [r-event-handler] kafka.cluster.Partition                  : [Partition __consumer_offsets-29 broker=0] Log loaded for partition __consumer_offsets-29 with initial high watermark 0
2025-09-24T05:37:11.939+05:30  INFO 15304 --- [r-event-handler] state.change.logger                      : [Broker id=0] Leader __consumer_offsets-29 with topic id Some(ty3v6zbESQiAMlUpgb0xuQ) starts at leader epoch 0 from offset 0 with partition epoch 0, high watermark 0, ISR [0], adding replicas [] and removing replicas [] . Previous leader None and previous leader epoch was -1.
2025-09-24T05:37:11.947+05:30  INFO 15304 --- [r-event-handler] state.change.logger                      : [Broker id=0] Creating new partition __consumer_offsets-25 with topic id ty3v6zbESQiAMlUpgb0xuQ.
2025-09-24T05:37:11.954+05:30  INFO 15304 --- [r-event-handler] kafka.log.UnifiedLog$                    : [LogLoader partition=__consumer_offsets-25, dir=C:\Users\sachi\AppData\Local\Temp\kafka-8421187435840485386\broker_0_data0] Loading producer state till offset 0 with message format version 2
2025-09-24T05:37:11.954+05:30  INFO 15304 --- [r-event-handler] kafka.log.LogManager                     : Created log for partition __consumer_offsets-25 in C:\Users\sachi\AppData\Local\Temp\kafka-8421187435840485386\broker_0_data0\__consumer_offsets-25 with properties {cleanup.policy=compact, compression.type="producer", segment.bytes=104857600}
2025-09-24T05:37:11.954+05:30  INFO 15304 --- [r-event-handler] kafka.cluster.Partition                  : [Partition __consumer_offsets-25 broker=0] No checkpointed highwatermark is found for partition __consumer_offsets-25
2025-09-24T05:37:11.954+05:30  INFO 15304 --- [r-event-handler] kafka.cluster.Partition                  : [Partition __consumer_offsets-25 broker=0] Log loaded for partition __consumer_offsets-25 with initial high watermark 0
2025-09-24T05:37:11.954+05:30  INFO 15304 --- [r-event-handler] state.change.logger                      : [Broker id=0] Leader __consumer_offsets-25 with topic id Some(ty3v6zbESQiAMlUpgb0xuQ) starts at leader epoch 0 from offset 0 with partition epoch 0, high watermark 0, ISR [0], adding replicas [] and removing replicas [] . Previous leader None and previous leader epoch was -1.
2025-09-24T05:37:11.959+05:30  INFO 15304 --- [r-event-handler] state.change.logger                      : [Broker id=0] Creating new partition __consumer_offsets-8 with topic id ty3v6zbESQiAMlUpgb0xuQ.
2025-09-24T05:37:11.969+05:30  INFO 15304 --- [r-event-handler] kafka.log.UnifiedLog$                    : [LogLoader partition=__consumer_offsets-8, dir=C:\Users\sachi\AppData\Local\Temp\kafka-8421187435840485386\broker_0_data0] Loading producer state till offset 0 with message format version 2
2025-09-24T05:37:11.971+05:30  INFO 15304 --- [r-event-handler] kafka.log.LogManager                     : Created log for partition __consumer_offsets-8 in C:\Users\sachi\AppData\Local\Temp\kafka-8421187435840485386\broker_0_data0\__consumer_offsets-8 with properties {cleanup.policy=compact, compression.type="producer", segment.bytes=104857600}
2025-09-24T05:37:11.971+05:30  INFO 15304 --- [r-event-handler] kafka.cluster.Partition                  : [Partition __consumer_offsets-8 broker=0] No checkpointed highwatermark is found for partition __consumer_offsets-8
2025-09-24T05:37:11.972+05:30  INFO 15304 --- [r-event-handler] kafka.cluster.Partition                  : [Partition __consumer_offsets-8 broker=0] Log loaded for partition __consumer_offsets-8 with initial high watermark 0
2025-09-24T05:37:11.973+05:30  INFO 15304 --- [r-event-handler] state.change.logger                      : [Broker id=0] Leader __consumer_offsets-8 with topic id Some(ty3v6zbESQiAMlUpgb0xuQ) starts at leader epoch 0 from offset 0 with partition epoch 0, high watermark 0, ISR [0], adding replicas [] and removing replicas [] . Previous leader None and previous leader epoch was -1.
2025-09-24T05:37:11.973+05:30  INFO 15304 --- [r-event-handler] state.change.logger                      : [Broker id=0] Creating new partition __consumer_offsets-37 with topic id ty3v6zbESQiAMlUpgb0xuQ.
2025-09-24T05:37:11.981+05:30  INFO 15304 --- [r-event-handler] kafka.log.UnifiedLog$                    : [LogLoader partition=__consumer_offsets-37, dir=C:\Users\sachi\AppData\Local\Temp\kafka-8421187435840485386\broker_0_data0] Loading producer state till offset 0 with message format version 2
2025-09-24T05:37:11.987+05:30  INFO 15304 --- [r-event-handler] kafka.log.LogManager                     : Created log for partition __consumer_offsets-37 in C:\Users\sachi\AppData\Local\Temp\kafka-8421187435840485386\broker_0_data0\__consumer_offsets-37 with properties {cleanup.policy=compact, compression.type="producer", segment.bytes=104857600}
2025-09-24T05:37:11.987+05:30  INFO 15304 --- [r-event-handler] kafka.cluster.Partition                  : [Partition __consumer_offsets-37 broker=0] No checkpointed highwatermark is found for partition __consumer_offsets-37
2025-09-24T05:37:11.987+05:30  INFO 15304 --- [r-event-handler] kafka.cluster.Partition                  : [Partition __consumer_offsets-37 broker=0] Log loaded for partition __consumer_offsets-37 with initial high watermark 0
2025-09-24T05:37:11.987+05:30  INFO 15304 --- [r-event-handler] state.change.logger                      : [Broker id=0] Leader __consumer_offsets-37 with topic id Some(ty3v6zbESQiAMlUpgb0xuQ) starts at leader epoch 0 from offset 0 with partition epoch 0, high watermark 0, ISR [0], adding replicas [] and removing replicas [] . Previous leader None and previous leader epoch was -1.
2025-09-24T05:37:11.989+05:30  INFO 15304 --- [r-event-handler] state.change.logger                      : [Broker id=0] Creating new partition __consumer_offsets-4 with topic id ty3v6zbESQiAMlUpgb0xuQ.
2025-09-24T05:37:11.997+05:30  INFO 15304 --- [r-event-handler] kafka.log.UnifiedLog$                    : [LogLoader partition=__consumer_offsets-4, dir=C:\Users\sachi\AppData\Local\Temp\kafka-8421187435840485386\broker_0_data0] Loading producer state till offset 0 with message format version 2
2025-09-24T05:37:11.997+05:30  INFO 15304 --- [r-event-handler] kafka.log.LogManager                     : Created log for partition __consumer_offsets-4 in C:\Users\sachi\AppData\Local\Temp\kafka-8421187435840485386\broker_0_data0\__consumer_offsets-4 with properties {cleanup.policy=compact, compression.type="producer", segment.bytes=104857600}
2025-09-24T05:37:11.997+05:30  INFO 15304 --- [r-event-handler] kafka.cluster.Partition                  : [Partition __consumer_offsets-4 broker=0] No checkpointed highwatermark is found for partition __consumer_offsets-4
2025-09-24T05:37:11.997+05:30  INFO 15304 --- [r-event-handler] kafka.cluster.Partition                  : [Partition __consumer_offsets-4 broker=0] Log loaded for partition __consumer_offsets-4 with initial high watermark 0
2025-09-24T05:37:11.997+05:30  INFO 15304 --- [r-event-handler] state.change.logger                      : [Broker id=0] Leader __consumer_offsets-4 with topic id Some(ty3v6zbESQiAMlUpgb0xuQ) starts at leader epoch 0 from offset 0 with partition epoch 0, high watermark 0, ISR [0], adding replicas [] and removing replicas [] . Previous leader None and previous leader epoch was -1.
2025-09-24T05:37:12.003+05:30  INFO 15304 --- [r-event-handler] state.change.logger                      : [Broker id=0] Creating new partition __consumer_offsets-33 with topic id ty3v6zbESQiAMlUpgb0xuQ.
2025-09-24T05:37:12.007+05:30  INFO 15304 --- [r-event-handler] kafka.log.UnifiedLog$                    : [LogLoader partition=__consumer_offsets-33, dir=C:\Users\sachi\AppData\Local\Temp\kafka-8421187435840485386\broker_0_data0] Loading producer state till offset 0 with message format version 2
2025-09-24T05:37:12.007+05:30  INFO 15304 --- [r-event-handler] kafka.log.LogManager                     : Created log for partition __consumer_offsets-33 in C:\Users\sachi\AppData\Local\Temp\kafka-8421187435840485386\broker_0_data0\__consumer_offsets-33 with properties {cleanup.policy=compact, compression.type="producer", segment.bytes=104857600}
2025-09-24T05:37:12.007+05:30  INFO 15304 --- [r-event-handler] kafka.cluster.Partition                  : [Partition __consumer_offsets-33 broker=0] No checkpointed highwatermark is found for partition __consumer_offsets-33
2025-09-24T05:37:12.007+05:30  INFO 15304 --- [r-event-handler] kafka.cluster.Partition                  : [Partition __consumer_offsets-33 broker=0] Log loaded for partition __consumer_offsets-33 with initial high watermark 0
2025-09-24T05:37:12.007+05:30  INFO 15304 --- [r-event-handler] state.change.logger                      : [Broker id=0] Leader __consumer_offsets-33 with topic id Some(ty3v6zbESQiAMlUpgb0xuQ) starts at leader epoch 0 from offset 0 with partition epoch 0, high watermark 0, ISR [0], adding replicas [] and removing replicas [] . Previous leader None and previous leader epoch was -1.
2025-09-24T05:37:12.007+05:30  INFO 15304 --- [r-event-handler] state.change.logger                      : [Broker id=0] Creating new partition __consumer_offsets-15 with topic id ty3v6zbESQiAMlUpgb0xuQ.
2025-09-24T05:37:12.024+05:30  INFO 15304 --- [r-event-handler] kafka.log.UnifiedLog$                    : [LogLoader partition=__consumer_offsets-15, dir=C:\Users\sachi\AppData\Local\Temp\kafka-8421187435840485386\broker_0_data0] Loading producer state till offset 0 with message format version 2
2025-09-24T05:37:12.024+05:30  INFO 15304 --- [r-event-handler] kafka.log.LogManager                     : Created log for partition __consumer_offsets-15 in C:\Users\sachi\AppData\Local\Temp\kafka-8421187435840485386\broker_0_data0\__consumer_offsets-15 with properties {cleanup.policy=compact, compression.type="producer", segment.bytes=104857600}
2025-09-24T05:37:12.024+05:30  INFO 15304 --- [r-event-handler] kafka.cluster.Partition                  : [Partition __consumer_offsets-15 broker=0] No checkpointed highwatermark is found for partition __consumer_offsets-15
2025-09-24T05:37:12.024+05:30  INFO 15304 --- [r-event-handler] kafka.cluster.Partition                  : [Partition __consumer_offsets-15 broker=0] Log loaded for partition __consumer_offsets-15 with initial high watermark 0
2025-09-24T05:37:12.024+05:30  INFO 15304 --- [r-event-handler] state.change.logger                      : [Broker id=0] Leader __consumer_offsets-15 with topic id Some(ty3v6zbESQiAMlUpgb0xuQ) starts at leader epoch 0 from offset 0 with partition epoch 0, high watermark 0, ISR [0], adding replicas [] and removing replicas [] . Previous leader None and previous leader epoch was -1.
2025-09-24T05:37:12.024+05:30  INFO 15304 --- [r-event-handler] state.change.logger                      : [Broker id=0] Creating new partition __consumer_offsets-48 with topic id ty3v6zbESQiAMlUpgb0xuQ.
2025-09-24T05:37:12.036+05:30  INFO 15304 --- [r-event-handler] kafka.log.UnifiedLog$                    : [LogLoader partition=__consumer_offsets-48, dir=C:\Users\sachi\AppData\Local\Temp\kafka-8421187435840485386\broker_0_data0] Loading producer state till offset 0 with message format version 2
2025-09-24T05:37:12.038+05:30  INFO 15304 --- [r-event-handler] kafka.log.LogManager                     : Created log for partition __consumer_offsets-48 in C:\Users\sachi\AppData\Local\Temp\kafka-8421187435840485386\broker_0_data0\__consumer_offsets-48 with properties {cleanup.policy=compact, compression.type="producer", segment.bytes=104857600}
2025-09-24T05:37:12.038+05:30  INFO 15304 --- [r-event-handler] kafka.cluster.Partition                  : [Partition __consumer_offsets-48 broker=0] No checkpointed highwatermark is found for partition __consumer_offsets-48
2025-09-24T05:37:12.038+05:30  INFO 15304 --- [r-event-handler] kafka.cluster.Partition                  : [Partition __consumer_offsets-48 broker=0] Log loaded for partition __consumer_offsets-48 with initial high watermark 0
2025-09-24T05:37:12.038+05:30  INFO 15304 --- [r-event-handler] state.change.logger                      : [Broker id=0] Leader __consumer_offsets-48 with topic id Some(ty3v6zbESQiAMlUpgb0xuQ) starts at leader epoch 0 from offset 0 with partition epoch 0, high watermark 0, ISR [0], adding replicas [] and removing replicas [] . Previous leader None and previous leader epoch was -1.
2025-09-24T05:37:12.038+05:30  INFO 15304 --- [ntainer#0-0-C-1] o.a.k.c.c.internals.ConsumerCoordinator  : [Consumer clientId=consumer-midas-core-test-1, groupId=midas-core-test] Discovered group coordinator localhost:52128 (id: 2147483647 rack: null)
2025-09-24T05:37:12.038+05:30  INFO 15304 --- [ntainer#0-0-C-1] o.a.k.c.c.internals.ConsumerCoordinator  : [Consumer clientId=consumer-midas-core-test-1, groupId=midas-core-test] Request joining group due to: rebalance failed due to 'This is not the correct coordinator.' (NotCoordinatorException)
2025-09-24T05:37:12.038+05:30  INFO 15304 --- [r-event-handler] state.change.logger                      : [Broker id=0] Creating new partition __consumer_offsets-11 with topic id ty3v6zbESQiAMlUpgb0xuQ.
2025-09-24T05:37:12.044+05:30  INFO 15304 --- [ntainer#0-0-C-1] o.a.k.c.c.internals.ConsumerCoordinator  : [Consumer clientId=consumer-midas-core-test-1, groupId=midas-core-test] (Re-)joining group
2025-09-24T05:37:12.044+05:30  INFO 15304 --- [ntainer#0-0-C-1] o.a.k.c.c.internals.ConsumerCoordinator  : [Consumer clientId=consumer-midas-core-test-1, groupId=midas-core-test] Group coordinator localhost:52128 (id: 2147483647 rack: null) is unavailable or invalid due to cause: error response NOT_COORDINATOR. isDisconnected: false. Rediscovery will be attempted.
2025-09-24T05:37:12.044+05:30  INFO 15304 --- [ntainer#0-0-C-1] o.a.k.c.c.internals.ConsumerCoordinator  : [Consumer clientId=consumer-midas-core-test-1, groupId=midas-core-test] Requesting disconnect from last known coordinator localhost:52128 (id: 2147483647 rack: null)
2025-09-24T05:37:12.044+05:30  INFO 15304 --- [ntainer#0-0-C-1] o.a.k.c.c.internals.ConsumerCoordinator  : [Consumer clientId=consumer-midas-core-test-1, groupId=midas-core-test] JoinGroup failed: This is not the correct coordinator. Marking coordinator unknown. Sent generation was Generation{generationId=-1, memberId='', protocol='null'}
2025-09-24T05:37:12.044+05:30  INFO 15304 --- [ntainer#0-0-C-1] org.apache.kafka.clients.NetworkClient   : [Consumer clientId=consumer-midas-core-test-1, groupId=midas-core-test] Client requested disconnect from node 2147483647
2025-09-24T05:37:12.051+05:30  INFO 15304 --- [ntainer#0-0-C-1] o.a.k.c.c.internals.ConsumerCoordinator  : [Consumer clientId=consumer-midas-core-test-1, groupId=midas-core-test] Discovered group coordinator localhost:52128 (id: 2147483647 rack: null)
2025-09-24T05:37:12.051+05:30  INFO 15304 --- [ntainer#0-0-C-1] o.a.k.c.c.internals.ConsumerCoordinator  : [Consumer clientId=consumer-midas-core-test-1, groupId=midas-core-test] Group coordinator localhost:52128 (id: 2147483647 rack: null) is unavailable or invalid due to cause: coordinator unavailable. isDisconnected: false. Rediscovery will be attempted.
2025-09-24T05:37:12.051+05:30  INFO 15304 --- [ntainer#0-0-C-1] o.a.k.c.c.internals.ConsumerCoordinator  : [Consumer clientId=consumer-midas-core-test-1, groupId=midas-core-test] Requesting disconnect from last known coordinator localhost:52128 (id: 2147483647 rack: null)
2025-09-24T05:37:12.051+05:30  INFO 15304 --- [r-event-handler] kafka.log.UnifiedLog$                    : [LogLoader partition=__consumer_offsets-11, dir=C:\Users\sachi\AppData\Local\Temp\kafka-8421187435840485386\broker_0_data0] Loading producer state till offset 0 with message format version 2
2025-09-24T05:37:12.054+05:30  INFO 15304 --- [r-event-handler] kafka.log.LogManager                     : Created log for partition __consumer_offsets-11 in C:\Users\sachi\AppData\Local\Temp\kafka-8421187435840485386\broker_0_data0\__consumer_offsets-11 with properties {cleanup.policy=compact, compression.type="producer", segment.bytes=104857600}
2025-09-24T05:37:12.054+05:30  INFO 15304 --- [r-event-handler] kafka.cluster.Partition                  : [Partition __consumer_offsets-11 broker=0] No checkpointed highwatermark is found for partition __consumer_offsets-11
2025-09-24T05:37:12.054+05:30  INFO 15304 --- [r-event-handler] kafka.cluster.Partition                  : [Partition __consumer_offsets-11 broker=0] Log loaded for partition __consumer_offsets-11 with initial high watermark 0
2025-09-24T05:37:12.054+05:30  INFO 15304 --- [r-event-handler] state.change.logger                      : [Broker id=0] Leader __consumer_offsets-11 with topic id Some(ty3v6zbESQiAMlUpgb0xuQ) starts at leader epoch 0 from offset 0 with partition epoch 0, high watermark 0, ISR [0], adding replicas [] and removing replicas [] . Previous leader None and previous leader epoch was -1.
2025-09-24T05:37:12.054+05:30  INFO 15304 --- [r-event-handler] state.change.logger                      : [Broker id=0] Creating new partition __consumer_offsets-44 with topic id ty3v6zbESQiAMlUpgb0xuQ.
2025-09-24T05:37:12.067+05:30  INFO 15304 --- [r-event-handler] kafka.log.UnifiedLog$                    : [LogLoader partition=__consumer_offsets-44, dir=C:\Users\sachi\AppData\Local\Temp\kafka-8421187435840485386\broker_0_data0] Loading producer state till offset 0 with message format version 2
2025-09-24T05:37:12.070+05:30  INFO 15304 --- [r-event-handler] kafka.log.LogManager                     : Created log for partition __consumer_offsets-44 in C:\Users\sachi\AppData\Local\Temp\kafka-8421187435840485386\broker_0_data0\__consumer_offsets-44 with properties {cleanup.policy=compact, compression.type="producer", segment.bytes=104857600}
2025-09-24T05:37:12.070+05:30  INFO 15304 --- [r-event-handler] kafka.cluster.Partition                  : [Partition __consumer_offsets-44 broker=0] No checkpointed highwatermark is found for partition __consumer_offsets-44
2025-09-24T05:37:12.070+05:30  INFO 15304 --- [r-event-handler] kafka.cluster.Partition                  : [Partition __consumer_offsets-44 broker=0] Log loaded for partition __consumer_offsets-44 with initial high watermark 0
2025-09-24T05:37:12.071+05:30  INFO 15304 --- [r-event-handler] state.change.logger                      : [Broker id=0] Leader __consumer_offsets-44 with topic id Some(ty3v6zbESQiAMlUpgb0xuQ) starts at leader epoch 0 from offset 0 with partition epoch 0, high watermark 0, ISR [0], adding replicas [] and removing replicas [] . Previous leader None and previous leader epoch was -1.
2025-09-24T05:37:12.073+05:30  INFO 15304 --- [r-event-handler] state.change.logger                      : [Broker id=0] Creating new partition __consumer_offsets-23 with topic id ty3v6zbESQiAMlUpgb0xuQ.
2025-09-24T05:37:12.083+05:30  INFO 15304 --- [r-event-handler] kafka.log.UnifiedLog$                    : [LogLoader partition=__consumer_offsets-23, dir=C:\Users\sachi\AppData\Local\Temp\kafka-8421187435840485386\broker_0_data0] Loading producer state till offset 0 with message format version 2
2025-09-24T05:37:12.083+05:30  INFO 15304 --- [r-event-handler] kafka.log.LogManager                     : Created log for partition __consumer_offsets-23 in C:\Users\sachi\AppData\Local\Temp\kafka-8421187435840485386\broker_0_data0\__consumer_offsets-23 with properties {cleanup.policy=compact, compression.type="producer", segment.bytes=104857600}
2025-09-24T05:37:12.083+05:30  INFO 15304 --- [r-event-handler] kafka.cluster.Partition                  : [Partition __consumer_offsets-23 broker=0] No checkpointed highwatermark is found for partition __consumer_offsets-23
2025-09-24T05:37:12.083+05:30  INFO 15304 --- [r-event-handler] kafka.cluster.Partition                  : [Partition __consumer_offsets-23 broker=0] Log loaded for partition __consumer_offsets-23 with initial high watermark 0
2025-09-24T05:37:12.083+05:30  INFO 15304 --- [r-event-handler] state.change.logger                      : [Broker id=0] Leader __consumer_offsets-23 with topic id Some(ty3v6zbESQiAMlUpgb0xuQ) starts at leader epoch 0 from offset 0 with partition epoch 0, high watermark 0, ISR [0], adding replicas [] and removing replicas [] . Previous leader None and previous leader epoch was -1.
2025-09-24T05:37:12.083+05:30  INFO 15304 --- [r-event-handler] state.change.logger                      : [Broker id=0] Creating new partition __consumer_offsets-19 with topic id ty3v6zbESQiAMlUpgb0xuQ.
2025-09-24T05:37:12.102+05:30  INFO 15304 --- [r-event-handler] kafka.log.UnifiedLog$                    : [LogLoader partition=__consumer_offsets-19, dir=C:\Users\sachi\AppData\Local\Temp\kafka-8421187435840485386\broker_0_data0] Loading producer state till offset 0 with message format version 2
2025-09-24T05:37:12.104+05:30  INFO 15304 --- [r-event-handler] kafka.log.LogManager                     : Created log for partition __consumer_offsets-19 in C:\Users\sachi\AppData\Local\Temp\kafka-8421187435840485386\broker_0_data0\__consumer_offsets-19 with properties {cleanup.policy=compact, compression.type="producer", segment.bytes=104857600}
2025-09-24T05:37:12.104+05:30  INFO 15304 --- [r-event-handler] kafka.cluster.Partition                  : [Partition __consumer_offsets-19 broker=0] No checkpointed highwatermark is found for partition __consumer_offsets-19
2025-09-24T05:37:12.104+05:30  INFO 15304 --- [r-event-handler] kafka.cluster.Partition                  : [Partition __consumer_offsets-19 broker=0] Log loaded for partition __consumer_offsets-19 with initial high watermark 0
2025-09-24T05:37:12.104+05:30  INFO 15304 --- [r-event-handler] state.change.logger                      : [Broker id=0] Leader __consumer_offsets-19 with topic id Some(ty3v6zbESQiAMlUpgb0xuQ) starts at leader epoch 0 from offset 0 with partition epoch 0, high watermark 0, ISR [0], adding replicas [] and removing replicas [] . Previous leader None and previous leader epoch was -1.
2025-09-24T05:37:12.107+05:30  INFO 15304 --- [r-event-handler] state.change.logger                      : [Broker id=0] Creating new partition __consumer_offsets-32 with topic id ty3v6zbESQiAMlUpgb0xuQ.
2025-09-24T05:37:12.112+05:30  INFO 15304 --- [r-event-handler] kafka.log.UnifiedLog$                    : [LogLoader partition=__consumer_offsets-32, dir=C:\Users\sachi\AppData\Local\Temp\kafka-8421187435840485386\broker_0_data0] Loading producer state till offset 0 with message format version 2
2025-09-24T05:37:12.112+05:30  INFO 15304 --- [r-event-handler] kafka.log.LogManager                     : Created log for partition __consumer_offsets-32 in C:\Users\sachi\AppData\Local\Temp\kafka-8421187435840485386\broker_0_data0\__consumer_offsets-32 with properties {cleanup.policy=compact, compression.type="producer", segment.bytes=104857600}
2025-09-24T05:37:12.121+05:30  INFO 15304 --- [r-event-handler] kafka.cluster.Partition                  : [Partition __consumer_offsets-32 broker=0] No checkpointed highwatermark is found for partition __consumer_offsets-32
2025-09-24T05:37:12.121+05:30  INFO 15304 --- [r-event-handler] kafka.cluster.Partition                  : [Partition __consumer_offsets-32 broker=0] Log loaded for partition __consumer_offsets-32 with initial high watermark 0
2025-09-24T05:37:12.121+05:30  INFO 15304 --- [r-event-handler] state.change.logger                      : [Broker id=0] Leader __consumer_offsets-32 with topic id Some(ty3v6zbESQiAMlUpgb0xuQ) starts at leader epoch 0 from offset 0 with partition epoch 0, high watermark 0, ISR [0], adding replicas [] and removing replicas [] . Previous leader None and previous leader epoch was -1.
2025-09-24T05:37:12.123+05:30  INFO 15304 --- [r-event-handler] state.change.logger                      : [Broker id=0] Creating new partition __consumer_offsets-28 with topic id ty3v6zbESQiAMlUpgb0xuQ.
2025-09-24T05:37:12.135+05:30  INFO 15304 --- [r-event-handler] kafka.log.UnifiedLog$                    : [LogLoader partition=__consumer_offsets-28, dir=C:\Users\sachi\AppData\Local\Temp\kafka-8421187435840485386\broker_0_data0] Loading producer state till offset 0 with message format version 2
2025-09-24T05:37:12.135+05:30  INFO 15304 --- [r-event-handler] kafka.log.LogManager                     : Created log for partition __consumer_offsets-28 in C:\Users\sachi\AppData\Local\Temp\kafka-8421187435840485386\broker_0_data0\__consumer_offsets-28 with properties {cleanup.policy=compact, compression.type="producer", segment.bytes=104857600}
2025-09-24T05:37:12.135+05:30  INFO 15304 --- [r-event-handler] kafka.cluster.Partition                  : [Partition __consumer_offsets-28 broker=0] No checkpointed highwatermark is found for partition __consumer_offsets-28
2025-09-24T05:37:12.135+05:30  INFO 15304 --- [r-event-handler] kafka.cluster.Partition                  : [Partition __consumer_offsets-28 broker=0] Log loaded for partition __consumer_offsets-28 with initial high watermark 0
2025-09-24T05:37:12.135+05:30  INFO 15304 --- [r-event-handler] state.change.logger                      : [Broker id=0] Leader __consumer_offsets-28 with topic id Some(ty3v6zbESQiAMlUpgb0xuQ) starts at leader epoch 0 from offset 0 with partition epoch 0, high watermark 0, ISR [0], adding replicas [] and removing replicas [] . Previous leader None and previous leader epoch was -1.
2025-09-24T05:37:12.135+05:30  INFO 15304 --- [r-event-handler] state.change.logger                      : [Broker id=0] Creating new partition __consumer_offsets-7 with topic id ty3v6zbESQiAMlUpgb0xuQ.
2025-09-24T05:37:12.147+05:30  INFO 15304 --- [r-event-handler] kafka.log.UnifiedLog$                    : [LogLoader partition=__consumer_offsets-7, dir=C:\Users\sachi\AppData\Local\Temp\kafka-8421187435840485386\broker_0_data0] Loading producer state till offset 0 with message format version 2
2025-09-24T05:37:12.147+05:30  INFO 15304 --- [r-event-handler] kafka.log.LogManager                     : Created log for partition __consumer_offsets-7 in C:\Users\sachi\AppData\Local\Temp\kafka-8421187435840485386\broker_0_data0\__consumer_offsets-7 with properties {cleanup.policy=compact, compression.type="producer", segment.bytes=104857600}
2025-09-24T05:37:12.147+05:30  INFO 15304 --- [r-event-handler] kafka.cluster.Partition                  : [Partition __consumer_offsets-7 broker=0] No checkpointed highwatermark is found for partition __consumer_offsets-7
2025-09-24T05:37:12.147+05:30  INFO 15304 --- [r-event-handler] kafka.cluster.Partition                  : [Partition __consumer_offsets-7 broker=0] Log loaded for partition __consumer_offsets-7 with initial high watermark 0
2025-09-24T05:37:12.147+05:30  INFO 15304 --- [r-event-handler] state.change.logger                      : [Broker id=0] Leader __consumer_offsets-7 with topic id Some(ty3v6zbESQiAMlUpgb0xuQ) starts at leader epoch 0 from offset 0 with partition epoch 0, high watermark 0, ISR [0], adding replicas [] and removing replicas [] . Previous leader None and previous leader epoch was -1.
2025-09-24T05:37:12.147+05:30  INFO 15304 --- [r-event-handler] state.change.logger                      : [Broker id=0] Creating new partition __consumer_offsets-40 with topic id ty3v6zbESQiAMlUpgb0xuQ.
2025-09-24T05:37:12.158+05:30  INFO 15304 --- [ntainer#0-0-C-1] o.a.k.c.c.internals.ConsumerCoordinator  : [Consumer clientId=consumer-midas-core-test-1, groupId=midas-core-test] Discovered group coordinator localhost:52128 (id: 2147483647 rack: null)
2025-09-24T05:37:12.158+05:30  INFO 15304 --- [r-event-handler] kafka.log.UnifiedLog$                    : [LogLoader partition=__consumer_offsets-40, dir=C:\Users\sachi\AppData\Local\Temp\kafka-8421187435840485386\broker_0_data0] Loading producer state till offset 0 with message format version 2
2025-09-24T05:37:12.158+05:30  INFO 15304 --- [ntainer#0-0-C-1] o.a.k.c.c.internals.ConsumerCoordinator  : [Consumer clientId=consumer-midas-core-test-1, groupId=midas-core-test] Request joining group due to: rebalance failed due to 'This is not the correct coordinator.' (NotCoordinatorException)
2025-09-24T05:37:12.158+05:30  INFO 15304 --- [r-event-handler] kafka.log.LogManager                     : Created log for partition __consumer_offsets-40 in C:\Users\sachi\AppData\Local\Temp\kafka-8421187435840485386\broker_0_data0\__consumer_offsets-40 with properties {cleanup.policy=compact, compression.type="producer", segment.bytes=104857600}
2025-09-24T05:37:12.164+05:30  INFO 15304 --- [r-event-handler] kafka.cluster.Partition                  : [Partition __consumer_offsets-40 broker=0] No checkpointed highwatermark is found for partition __consumer_offsets-40
2025-09-24T05:37:12.164+05:30  INFO 15304 --- [r-event-handler] kafka.cluster.Partition                  : [Partition __consumer_offsets-40 broker=0] Log loaded for partition __consumer_offsets-40 with initial high watermark 0
2025-09-24T05:37:12.164+05:30  INFO 15304 --- [r-event-handler] state.change.logger                      : [Broker id=0] Leader __consumer_offsets-40 with topic id Some(ty3v6zbESQiAMlUpgb0xuQ) starts at leader epoch 0 from offset 0 with partition epoch 0, high watermark 0, ISR [0], adding replicas [] and removing replicas [] . Previous leader None and previous leader epoch was -1.
2025-09-24T05:37:12.164+05:30  INFO 15304 --- [ntainer#0-0-C-1] o.a.k.c.c.internals.ConsumerCoordinator  : [Consumer clientId=consumer-midas-core-test-1, groupId=midas-core-test] (Re-)joining group
2025-09-24T05:37:12.167+05:30  INFO 15304 --- [r-event-handler] state.change.logger                      : [Broker id=0] Creating new partition __consumer_offsets-3 with topic id ty3v6zbESQiAMlUpgb0xuQ.
2025-09-24T05:37:12.167+05:30  INFO 15304 --- [ntainer#0-0-C-1] o.a.k.c.c.internals.ConsumerCoordinator  : [Consumer clientId=consumer-midas-core-test-1, groupId=midas-core-test] Group coordinator localhost:52128 (id: 2147483647 rack: null) is unavailable or invalid due to cause: error response NOT_COORDINATOR. isDisconnected: false. Rediscovery will be attempted.
2025-09-24T05:37:12.167+05:30  INFO 15304 --- [ntainer#0-0-C-1] o.a.k.c.c.internals.ConsumerCoordinator  : [Consumer clientId=consumer-midas-core-test-1, groupId=midas-core-test] Requesting disconnect from last known coordinator localhost:52128 (id: 2147483647 rack: null)
2025-09-24T05:37:12.167+05:30  INFO 15304 --- [ntainer#0-0-C-1] o.a.k.c.c.internals.ConsumerCoordinator  : [Consumer clientId=consumer-midas-core-test-1, groupId=midas-core-test] JoinGroup failed: This is not the correct coordinator. Marking coordinator unknown. Sent generation was Generation{generationId=-1, memberId='', protocol='null'}
2025-09-24T05:37:12.167+05:30  INFO 15304 --- [ntainer#0-0-C-1] org.apache.kafka.clients.NetworkClient   : [Consumer clientId=consumer-midas-core-test-1, groupId=midas-core-test] Client requested disconnect from node 2147483647
2025-09-24T05:37:12.167+05:30  INFO 15304 --- [ntainer#0-0-C-1] o.a.k.c.c.internals.ConsumerCoordinator  : [Consumer clientId=consumer-midas-core-test-1, groupId=midas-core-test] Discovered group coordinator localhost:52128 (id: 2147483647 rack: null)
2025-09-24T05:37:12.167+05:30  INFO 15304 --- [ntainer#0-0-C-1] o.a.k.c.c.internals.ConsumerCoordinator  : [Consumer clientId=consumer-midas-core-test-1, groupId=midas-core-test] Group coordinator localhost:52128 (id: 2147483647 rack: null) is unavailable or invalid due to cause: coordinator unavailable. isDisconnected: false. Rediscovery will be attempted.
2025-09-24T05:37:12.167+05:30  INFO 15304 --- [ntainer#0-0-C-1] o.a.k.c.c.internals.ConsumerCoordinator  : [Consumer clientId=consumer-midas-core-test-1, groupId=midas-core-test] Requesting disconnect from last known coordinator localhost:52128 (id: 2147483647 rack: null)
2025-09-24T05:37:12.175+05:30  INFO 15304 --- [r-event-handler] kafka.log.UnifiedLog$                    : [LogLoader partition=__consumer_offsets-3, dir=C:\Users\sachi\AppData\Local\Temp\kafka-8421187435840485386\broker_0_data0] Loading producer state till offset 0 with message format version 2
2025-09-24T05:37:12.177+05:30  INFO 15304 --- [r-event-handler] kafka.log.LogManager                     : Created log for partition __consumer_offsets-3 in C:\Users\sachi\AppData\Local\Temp\kafka-8421187435840485386\broker_0_data0\__consumer_offsets-3 with properties {cleanup.policy=compact, compression.type="producer", segment.bytes=104857600}
2025-09-24T05:37:12.177+05:30  INFO 15304 --- [r-event-handler] kafka.cluster.Partition                  : [Partition __consumer_offsets-3 broker=0] No checkpointed highwatermark is found for partition __consumer_offsets-3
2025-09-24T05:37:12.177+05:30  INFO 15304 --- [r-event-handler] kafka.cluster.Partition                  : [Partition __consumer_offsets-3 broker=0] Log loaded for partition __consumer_offsets-3 with initial high watermark 0
2025-09-24T05:37:12.177+05:30  INFO 15304 --- [r-event-handler] state.change.logger                      : [Broker id=0] Leader __consumer_offsets-3 with topic id Some(ty3v6zbESQiAMlUpgb0xuQ) starts at leader epoch 0 from offset 0 with partition epoch 0, high watermark 0, ISR [0], adding replicas [] and removing replicas [] . Previous leader None and previous leader epoch was -1.
2025-09-24T05:37:12.177+05:30  INFO 15304 --- [r-event-handler] state.change.logger                      : [Broker id=0] Creating new partition __consumer_offsets-36 with topic id ty3v6zbESQiAMlUpgb0xuQ.
2025-09-24T05:37:12.183+05:30  INFO 15304 --- [r-event-handler] kafka.log.UnifiedLog$                    : [LogLoader partition=__consumer_offsets-36, dir=C:\Users\sachi\AppData\Local\Temp\kafka-8421187435840485386\broker_0_data0] Loading producer state till offset 0 with message format version 2
2025-09-24T05:37:12.190+05:30  INFO 15304 --- [r-event-handler] kafka.log.LogManager                     : Created log for partition __consumer_offsets-36 in C:\Users\sachi\AppData\Local\Temp\kafka-8421187435840485386\broker_0_data0\__consumer_offsets-36 with properties {cleanup.policy=compact, compression.type="producer", segment.bytes=104857600}
2025-09-24T05:37:12.190+05:30  INFO 15304 --- [r-event-handler] kafka.cluster.Partition                  : [Partition __consumer_offsets-36 broker=0] No checkpointed highwatermark is found for partition __consumer_offsets-36
2025-09-24T05:37:12.190+05:30  INFO 15304 --- [r-event-handler] kafka.cluster.Partition                  : [Partition __consumer_offsets-36 broker=0] Log loaded for partition __consumer_offsets-36 with initial high watermark 0
2025-09-24T05:37:12.190+05:30  INFO 15304 --- [r-event-handler] state.change.logger                      : [Broker id=0] Leader __consumer_offsets-36 with topic id Some(ty3v6zbESQiAMlUpgb0xuQ) starts at leader epoch 0 from offset 0 with partition epoch 0, high watermark 0, ISR [0], adding replicas [] and removing replicas [] . Previous leader None and previous leader epoch was -1.
2025-09-24T05:37:12.190+05:30  INFO 15304 --- [r-event-handler] state.change.logger                      : [Broker id=0] Creating new partition __consumer_offsets-47 with topic id ty3v6zbESQiAMlUpgb0xuQ.
2025-09-24T05:37:12.199+05:30  INFO 15304 --- [r-event-handler] kafka.log.UnifiedLog$                    : [LogLoader partition=__consumer_offsets-47, dir=C:\Users\sachi\AppData\Local\Temp\kafka-8421187435840485386\broker_0_data0] Loading producer state till offset 0 with message format version 2
2025-09-24T05:37:12.203+05:30  INFO 15304 --- [r-event-handler] kafka.log.LogManager                     : Created log for partition __consumer_offsets-47 in C:\Users\sachi\AppData\Local\Temp\kafka-8421187435840485386\broker_0_data0\__consumer_offsets-47 with properties {cleanup.policy=compact, compression.type="producer", segment.bytes=104857600}
2025-09-24T05:37:12.203+05:30  INFO 15304 --- [r-event-handler] kafka.cluster.Partition                  : [Partition __consumer_offsets-47 broker=0] No checkpointed highwatermark is found for partition __consumer_offsets-47
2025-09-24T05:37:12.203+05:30  INFO 15304 --- [r-event-handler] kafka.cluster.Partition                  : [Partition __consumer_offsets-47 broker=0] Log loaded for partition __consumer_offsets-47 with initial high watermark 0
2025-09-24T05:37:12.203+05:30  INFO 15304 --- [r-event-handler] state.change.logger                      : [Broker id=0] Leader __consumer_offsets-47 with topic id Some(ty3v6zbESQiAMlUpgb0xuQ) starts at leader epoch 0 from offset 0 with partition epoch 0, high watermark 0, ISR [0], adding replicas [] and removing replicas [] . Previous leader None and previous leader epoch was -1.
2025-09-24T05:37:12.206+05:30  INFO 15304 --- [r-event-handler] state.change.logger                      : [Broker id=0] Creating new partition __consumer_offsets-14 with topic id ty3v6zbESQiAMlUpgb0xuQ.
2025-09-24T05:37:12.216+05:30  INFO 15304 --- [r-event-handler] kafka.log.UnifiedLog$                    : [LogLoader partition=__consumer_offsets-14, dir=C:\Users\sachi\AppData\Local\Temp\kafka-8421187435840485386\broker_0_data0] Loading producer state till offset 0 with message format version 2
2025-09-24T05:37:12.219+05:30  INFO 15304 --- [r-event-handler] kafka.log.LogManager                     : Created log for partition __consumer_offsets-14 in C:\Users\sachi\AppData\Local\Temp\kafka-8421187435840485386\broker_0_data0\__consumer_offsets-14 with properties {cleanup.policy=compact, compression.type="producer", segment.bytes=104857600}
2025-09-24T05:37:12.219+05:30  INFO 15304 --- [r-event-handler] kafka.cluster.Partition                  : [Partition __consumer_offsets-14 broker=0] No checkpointed highwatermark is found for partition __consumer_offsets-14
2025-09-24T05:37:12.219+05:30  INFO 15304 --- [r-event-handler] kafka.cluster.Partition                  : [Partition __consumer_offsets-14 broker=0] Log loaded for partition __consumer_offsets-14 with initial high watermark 0
2025-09-24T05:37:12.219+05:30  INFO 15304 --- [r-event-handler] state.change.logger                      : [Broker id=0] Leader __consumer_offsets-14 with topic id Some(ty3v6zbESQiAMlUpgb0xuQ) starts at leader epoch 0 from offset 0 with partition epoch 0, high watermark 0, ISR [0], adding replicas [] and removing replicas [] . Previous leader None and previous leader epoch was -1.
2025-09-24T05:37:12.224+05:30  INFO 15304 --- [r-event-handler] state.change.logger                      : [Broker id=0] Creating new partition __consumer_offsets-43 with topic id ty3v6zbESQiAMlUpgb0xuQ.
2025-09-24T05:37:12.230+05:30  INFO 15304 --- [r-event-handler] kafka.log.UnifiedLog$                    : [LogLoader partition=__consumer_offsets-43, dir=C:\Users\sachi\AppData\Local\Temp\kafka-8421187435840485386\broker_0_data0] Loading producer state till offset 0 with message format version 2
2025-09-24T05:37:12.236+05:30  INFO 15304 --- [r-event-handler] kafka.log.LogManager                     : Created log for partition __consumer_offsets-43 in C:\Users\sachi\AppData\Local\Temp\kafka-8421187435840485386\broker_0_data0\__consumer_offsets-43 with properties {cleanup.policy=compact, compression.type="producer", segment.bytes=104857600}
2025-09-24T05:37:12.236+05:30  INFO 15304 --- [r-event-handler] kafka.cluster.Partition                  : [Partition __consumer_offsets-43 broker=0] No checkpointed highwatermark is found for partition __consumer_offsets-43
2025-09-24T05:37:12.236+05:30  INFO 15304 --- [r-event-handler] kafka.cluster.Partition                  : [Partition __consumer_offsets-43 broker=0] Log loaded for partition __consumer_offsets-43 with initial high watermark 0
2025-09-24T05:37:12.236+05:30  INFO 15304 --- [r-event-handler] state.change.logger                      : [Broker id=0] Leader __consumer_offsets-43 with topic id Some(ty3v6zbESQiAMlUpgb0xuQ) starts at leader epoch 0 from offset 0 with partition epoch 0, high watermark 0, ISR [0], adding replicas [] and removing replicas [] . Previous leader None and previous leader epoch was -1.
2025-09-24T05:37:12.239+05:30  INFO 15304 --- [r-event-handler] state.change.logger                      : [Broker id=0] Creating new partition __consumer_offsets-10 with topic id ty3v6zbESQiAMlUpgb0xuQ.
2025-09-24T05:37:12.243+05:30  INFO 15304 --- [r-event-handler] kafka.log.UnifiedLog$                    : [LogLoader partition=__consumer_offsets-10, dir=C:\Users\sachi\AppData\Local\Temp\kafka-8421187435840485386\broker_0_data0] Loading producer state till offset 0 with message format version 2
2025-09-24T05:37:12.243+05:30  INFO 15304 --- [r-event-handler] kafka.log.LogManager                     : Created log for partition __consumer_offsets-10 in C:\Users\sachi\AppData\Local\Temp\kafka-8421187435840485386\broker_0_data0\__consumer_offsets-10 with properties {cleanup.policy=compact, compression.type="producer", segment.bytes=104857600}
2025-09-24T05:37:12.243+05:30  INFO 15304 --- [r-event-handler] kafka.cluster.Partition                  : [Partition __consumer_offsets-10 broker=0] No checkpointed highwatermark is found for partition __consumer_offsets-10
2025-09-24T05:37:12.243+05:30  INFO 15304 --- [r-event-handler] kafka.cluster.Partition                  : [Partition __consumer_offsets-10 broker=0] Log loaded for partition __consumer_offsets-10 with initial high watermark 0
2025-09-24T05:37:12.243+05:30  INFO 15304 --- [r-event-handler] state.change.logger                      : [Broker id=0] Leader __consumer_offsets-10 with topic id Some(ty3v6zbESQiAMlUpgb0xuQ) starts at leader epoch 0 from offset 0 with partition epoch 0, high watermark 0, ISR [0], adding replicas [] and removing replicas [] . Previous leader None and previous leader epoch was -1.
2025-09-24T05:37:12.243+05:30  INFO 15304 --- [r-event-handler] state.change.logger                      : [Broker id=0] Creating new partition __consumer_offsets-22 with topic id ty3v6zbESQiAMlUpgb0xuQ.
2025-09-24T05:37:12.261+05:30  INFO 15304 --- [r-event-handler] kafka.log.UnifiedLog$                    : [LogLoader partition=__consumer_offsets-22, dir=C:\Users\sachi\AppData\Local\Temp\kafka-8421187435840485386\broker_0_data0] Loading producer state till offset 0 with message format version 2
2025-09-24T05:37:12.261+05:30  INFO 15304 --- [r-event-handler] kafka.log.LogManager                     : Created log for partition __consumer_offsets-22 in C:\Users\sachi\AppData\Local\Temp\kafka-8421187435840485386\broker_0_data0\__consumer_offsets-22 with properties {cleanup.policy=compact, compression.type="producer", segment.bytes=104857600}
2025-09-24T05:37:12.261+05:30  INFO 15304 --- [r-event-handler] kafka.cluster.Partition                  : [Partition __consumer_offsets-22 broker=0] No checkpointed highwatermark is found for partition __consumer_offsets-22
2025-09-24T05:37:12.261+05:30  INFO 15304 --- [r-event-handler] kafka.cluster.Partition                  : [Partition __consumer_offsets-22 broker=0] Log loaded for partition __consumer_offsets-22 with initial high watermark 0
2025-09-24T05:37:12.261+05:30  INFO 15304 --- [r-event-handler] state.change.logger                      : [Broker id=0] Leader __consumer_offsets-22 with topic id Some(ty3v6zbESQiAMlUpgb0xuQ) starts at leader epoch 0 from offset 0 with partition epoch 0, high watermark 0, ISR [0], adding replicas [] and removing replicas [] . Previous leader None and previous leader epoch was -1.
2025-09-24T05:37:12.265+05:30  INFO 15304 --- [r-event-handler] state.change.logger                      : [Broker id=0] Creating new partition __consumer_offsets-18 with topic id ty3v6zbESQiAMlUpgb0xuQ.
2025-09-24T05:37:12.272+05:30  INFO 15304 --- [ntainer#0-0-C-1] o.a.k.c.c.internals.ConsumerCoordinator  : [Consumer clientId=consumer-midas-core-test-1, groupId=midas-core-test] Discovered group coordinator localhost:52128 (id: 2147483647 rack: null)
2025-09-24T05:37:12.272+05:30  INFO 15304 --- [r-event-handler] kafka.log.UnifiedLog$                    : [LogLoader partition=__consumer_offsets-18, dir=C:\Users\sachi\AppData\Local\Temp\kafka-8421187435840485386\broker_0_data0] Loading producer state till offset 0 with message format version 2
2025-09-24T05:37:12.272+05:30  INFO 15304 --- [r-event-handler] kafka.log.LogManager                     : Created log for partition __consumer_offsets-18 in C:\Users\sachi\AppData\Local\Temp\kafka-8421187435840485386\broker_0_data0\__consumer_offsets-18 with properties {cleanup.policy=compact, compression.type="producer", segment.bytes=104857600}
2025-09-24T05:37:12.272+05:30  INFO 15304 --- [r-event-handler] kafka.cluster.Partition                  : [Partition __consumer_offsets-18 broker=0] No checkpointed highwatermark is found for partition __consumer_offsets-18
2025-09-24T05:37:12.272+05:30  INFO 15304 --- [r-event-handler] kafka.cluster.Partition                  : [Partition __consumer_offsets-18 broker=0] Log loaded for partition __consumer_offsets-18 with initial high watermark 0
2025-09-24T05:37:12.272+05:30  INFO 15304 --- [ntainer#0-0-C-1] o.a.k.c.c.internals.ConsumerCoordinator  : [Consumer clientId=consumer-midas-core-test-1, groupId=midas-core-test] Request joining group due to: rebalance failed due to 'This is not the correct coordinator.' (NotCoordinatorException)
2025-09-24T05:37:12.272+05:30  INFO 15304 --- [r-event-handler] state.change.logger                      : [Broker id=0] Leader __consumer_offsets-18 with topic id Some(ty3v6zbESQiAMlUpgb0xuQ) starts at leader epoch 0 from offset 0 with partition epoch 0, high watermark 0, ISR [0], adding replicas [] and removing replicas [] . Previous leader None and previous leader epoch was -1.
2025-09-24T05:37:12.272+05:30  INFO 15304 --- [ntainer#0-0-C-1] o.a.k.c.c.internals.ConsumerCoordinator  : [Consumer clientId=consumer-midas-core-test-1, groupId=midas-core-test] (Re-)joining group
2025-09-24T05:37:12.278+05:30  INFO 15304 --- [r-event-handler] state.change.logger                      : [Broker id=0] Creating new partition __consumer_offsets-31 with topic id ty3v6zbESQiAMlUpgb0xuQ.
2025-09-24T05:37:12.278+05:30  INFO 15304 --- [ntainer#0-0-C-1] o.a.k.c.c.internals.ConsumerCoordinator  : [Consumer clientId=consumer-midas-core-test-1, groupId=midas-core-test] Group coordinator localhost:52128 (id: 2147483647 rack: null) is unavailable or invalid due to cause: error response NOT_COORDINATOR. isDisconnected: false. Rediscovery will be attempted.
2025-09-24T05:37:12.278+05:30  INFO 15304 --- [ntainer#0-0-C-1] o.a.k.c.c.internals.ConsumerCoordinator  : [Consumer clientId=consumer-midas-core-test-1, groupId=midas-core-test] Requesting disconnect from last known coordinator localhost:52128 (id: 2147483647 rack: null)
2025-09-24T05:37:12.278+05:30  INFO 15304 --- [ntainer#0-0-C-1] o.a.k.c.c.internals.ConsumerCoordinator  : [Consumer clientId=consumer-midas-core-test-1, groupId=midas-core-test] JoinGroup failed: This is not the correct coordinator. Marking coordinator unknown. Sent generation was Generation{generationId=-1, memberId='', protocol='null'}
2025-09-24T05:37:12.278+05:30  INFO 15304 --- [ntainer#0-0-C-1] org.apache.kafka.clients.NetworkClient   : [Consumer clientId=consumer-midas-core-test-1, groupId=midas-core-test] Client requested disconnect from node 2147483647
2025-09-24T05:37:12.278+05:30  INFO 15304 --- [ntainer#0-0-C-1] o.a.k.c.c.internals.ConsumerCoordinator  : [Consumer clientId=consumer-midas-core-test-1, groupId=midas-core-test] Discovered group coordinator localhost:52128 (id: 2147483647 rack: null)
2025-09-24T05:37:12.278+05:30  INFO 15304 --- [ntainer#0-0-C-1] o.a.k.c.c.internals.ConsumerCoordinator  : [Consumer clientId=consumer-midas-core-test-1, groupId=midas-core-test] Group coordinator localhost:52128 (id: 2147483647 rack: null) is unavailable or invalid due to cause: coordinator unavailable. isDisconnected: false. Rediscovery will be attempted.
2025-09-24T05:37:12.278+05:30  INFO 15304 --- [ntainer#0-0-C-1] o.a.k.c.c.internals.ConsumerCoordinator  : [Consumer clientId=consumer-midas-core-test-1, groupId=midas-core-test] Requesting disconnect from last known coordinator localhost:52128 (id: 2147483647 rack: null)
2025-09-24T05:37:12.288+05:30  INFO 15304 --- [r-event-handler] kafka.log.UnifiedLog$                    : [LogLoader partition=__consumer_offsets-31, dir=C:\Users\sachi\AppData\Local\Temp\kafka-8421187435840485386\broker_0_data0] Loading producer state till offset 0 with message format version 2
2025-09-24T05:37:12.288+05:30  INFO 15304 --- [r-event-handler] kafka.log.LogManager                     : Created log for partition __consumer_offsets-31 in C:\Users\sachi\AppData\Local\Temp\kafka-8421187435840485386\broker_0_data0\__consumer_offsets-31 with properties {cleanup.policy=compact, compression.type="producer", segment.bytes=104857600}
2025-09-24T05:37:12.288+05:30  INFO 15304 --- [r-event-handler] kafka.cluster.Partition                  : [Partition __consumer_offsets-31 broker=0] No checkpointed highwatermark is found for partition __consumer_offsets-31
2025-09-24T05:37:12.288+05:30  INFO 15304 --- [r-event-handler] kafka.cluster.Partition                  : [Partition __consumer_offsets-31 broker=0] Log loaded for partition __consumer_offsets-31 with initial high watermark 0
2025-09-24T05:37:12.288+05:30  INFO 15304 --- [r-event-handler] state.change.logger                      : [Broker id=0] Leader __consumer_offsets-31 with topic id Some(ty3v6zbESQiAMlUpgb0xuQ) starts at leader epoch 0 from offset 0 with partition epoch 0, high watermark 0, ISR [0], adding replicas [] and removing replicas [] . Previous leader None and previous leader epoch was -1.
2025-09-24T05:37:12.292+05:30  INFO 15304 --- [r-event-handler] state.change.logger                      : [Broker id=0] Creating new partition __consumer_offsets-27 with topic id ty3v6zbESQiAMlUpgb0xuQ.
2025-09-24T05:37:12.292+05:30  INFO 15304 --- [r-event-handler] kafka.log.UnifiedLog$                    : [LogLoader partition=__consumer_offsets-27, dir=C:\Users\sachi\AppData\Local\Temp\kafka-8421187435840485386\broker_0_data0] Loading producer state till offset 0 with message format version 2
2025-09-24T05:37:12.304+05:30  INFO 15304 --- [r-event-handler] kafka.log.LogManager                     : Created log for partition __consumer_offsets-27 in C:\Users\sachi\AppData\Local\Temp\kafka-8421187435840485386\broker_0_data0\__consumer_offsets-27 with properties {cleanup.policy=compact, compression.type="producer", segment.bytes=104857600}
2025-09-24T05:37:12.304+05:30  INFO 15304 --- [r-event-handler] kafka.cluster.Partition                  : [Partition __consumer_offsets-27 broker=0] No checkpointed highwatermark is found for partition __consumer_offsets-27
2025-09-24T05:37:12.304+05:30  INFO 15304 --- [r-event-handler] kafka.cluster.Partition                  : [Partition __consumer_offsets-27 broker=0] Log loaded for partition __consumer_offsets-27 with initial high watermark 0
2025-09-24T05:37:12.304+05:30  INFO 15304 --- [r-event-handler] state.change.logger                      : [Broker id=0] Leader __consumer_offsets-27 with topic id Some(ty3v6zbESQiAMlUpgb0xuQ) starts at leader epoch 0 from offset 0 with partition epoch 0, high watermark 0, ISR [0], adding replicas [] and removing replicas [] . Previous leader None and previous leader epoch was -1.
2025-09-24T05:37:12.306+05:30  INFO 15304 --- [r-event-handler] state.change.logger                      : [Broker id=0] Creating new partition __consumer_offsets-39 with topic id ty3v6zbESQiAMlUpgb0xuQ.
2025-09-24T05:37:12.317+05:30  INFO 15304 --- [r-event-handler] kafka.log.UnifiedLog$                    : [LogLoader partition=__consumer_offsets-39, dir=C:\Users\sachi\AppData\Local\Temp\kafka-8421187435840485386\broker_0_data0] Loading producer state till offset 0 with message format version 2
2025-09-24T05:37:12.317+05:30  INFO 15304 --- [r-event-handler] kafka.log.LogManager                     : Created log for partition __consumer_offsets-39 in C:\Users\sachi\AppData\Local\Temp\kafka-8421187435840485386\broker_0_data0\__consumer_offsets-39 with properties {cleanup.policy=compact, compression.type="producer", segment.bytes=104857600}
2025-09-24T05:37:12.317+05:30  INFO 15304 --- [r-event-handler] kafka.cluster.Partition                  : [Partition __consumer_offsets-39 broker=0] No checkpointed highwatermark is found for partition __consumer_offsets-39
2025-09-24T05:37:12.317+05:30  INFO 15304 --- [r-event-handler] kafka.cluster.Partition                  : [Partition __consumer_offsets-39 broker=0] Log loaded for partition __consumer_offsets-39 with initial high watermark 0
2025-09-24T05:37:12.317+05:30  INFO 15304 --- [r-event-handler] state.change.logger                      : [Broker id=0] Leader __consumer_offsets-39 with topic id Some(ty3v6zbESQiAMlUpgb0xuQ) starts at leader epoch 0 from offset 0 with partition epoch 0, high watermark 0, ISR [0], adding replicas [] and removing replicas [] . Previous leader None and previous leader epoch was -1.
2025-09-24T05:37:12.322+05:30  INFO 15304 --- [r-event-handler] state.change.logger                      : [Broker id=0] Creating new partition __consumer_offsets-6 with topic id ty3v6zbESQiAMlUpgb0xuQ.
2025-09-24T05:37:12.329+05:30  INFO 15304 --- [r-event-handler] kafka.log.UnifiedLog$                    : [LogLoader partition=__consumer_offsets-6, dir=C:\Users\sachi\AppData\Local\Temp\kafka-8421187435840485386\broker_0_data0] Loading producer state till offset 0 with message format version 2
2025-09-24T05:37:12.331+05:30  INFO 15304 --- [r-event-handler] kafka.log.LogManager                     : Created log for partition __consumer_offsets-6 in C:\Users\sachi\AppData\Local\Temp\kafka-8421187435840485386\broker_0_data0\__consumer_offsets-6 with properties {cleanup.policy=compact, compression.type="producer", segment.bytes=104857600}
2025-09-24T05:37:12.331+05:30  INFO 15304 --- [r-event-handler] kafka.cluster.Partition                  : [Partition __consumer_offsets-6 broker=0] No checkpointed highwatermark is found for partition __consumer_offsets-6
2025-09-24T05:37:12.331+05:30  INFO 15304 --- [r-event-handler] kafka.cluster.Partition                  : [Partition __consumer_offsets-6 broker=0] Log loaded for partition __consumer_offsets-6 with initial high watermark 0
2025-09-24T05:37:12.331+05:30  INFO 15304 --- [r-event-handler] state.change.logger                      : [Broker id=0] Leader __consumer_offsets-6 with topic id Some(ty3v6zbESQiAMlUpgb0xuQ) starts at leader epoch 0 from offset 0 with partition epoch 0, high watermark 0, ISR [0], adding replicas [] and removing replicas [] . Previous leader None and previous leader epoch was -1.
2025-09-24T05:37:12.331+05:30  INFO 15304 --- [r-event-handler] state.change.logger                      : [Broker id=0] Creating new partition __consumer_offsets-35 with topic id ty3v6zbESQiAMlUpgb0xuQ.
2025-09-24T05:37:12.340+05:30  INFO 15304 --- [r-event-handler] kafka.log.UnifiedLog$                    : [LogLoader partition=__consumer_offsets-35, dir=C:\Users\sachi\AppData\Local\Temp\kafka-8421187435840485386\broker_0_data0] Loading producer state till offset 0 with message format version 2
2025-09-24T05:37:12.340+05:30  INFO 15304 --- [r-event-handler] kafka.log.LogManager                     : Created log for partition __consumer_offsets-35 in C:\Users\sachi\AppData\Local\Temp\kafka-8421187435840485386\broker_0_data0\__consumer_offsets-35 with properties {cleanup.policy=compact, compression.type="producer", segment.bytes=104857600}
2025-09-24T05:37:12.340+05:30  INFO 15304 --- [r-event-handler] kafka.cluster.Partition                  : [Partition __consumer_offsets-35 broker=0] No checkpointed highwatermark is found for partition __consumer_offsets-35
2025-09-24T05:37:12.340+05:30  INFO 15304 --- [r-event-handler] kafka.cluster.Partition                  : [Partition __consumer_offsets-35 broker=0] Log loaded for partition __consumer_offsets-35 with initial high watermark 0
2025-09-24T05:37:12.340+05:30  INFO 15304 --- [r-event-handler] state.change.logger                      : [Broker id=0] Leader __consumer_offsets-35 with topic id Some(ty3v6zbESQiAMlUpgb0xuQ) starts at leader epoch 0 from offset 0 with partition epoch 0, high watermark 0, ISR [0], adding replicas [] and removing replicas [] . Previous leader None and previous leader epoch was -1.
2025-09-24T05:37:12.340+05:30  INFO 15304 --- [r-event-handler] state.change.logger                      : [Broker id=0] Creating new partition __consumer_offsets-2 with topic id ty3v6zbESQiAMlUpgb0xuQ.
2025-09-24T05:37:12.357+05:30  INFO 15304 --- [r-event-handler] kafka.log.UnifiedLog$                    : [LogLoader partition=__consumer_offsets-2, dir=C:\Users\sachi\AppData\Local\Temp\kafka-8421187435840485386\broker_0_data0] Loading producer state till offset 0 with message format version 2
2025-09-24T05:37:12.357+05:30  INFO 15304 --- [r-event-handler] kafka.log.LogManager                     : Created log for partition __consumer_offsets-2 in C:\Users\sachi\AppData\Local\Temp\kafka-8421187435840485386\broker_0_data0\__consumer_offsets-2 with properties {cleanup.policy=compact, compression.type="producer", segment.bytes=104857600}
2025-09-24T05:37:12.357+05:30  INFO 15304 --- [r-event-handler] kafka.cluster.Partition                  : [Partition __consumer_offsets-2 broker=0] No checkpointed highwatermark is found for partition __consumer_offsets-2
2025-09-24T05:37:12.357+05:30  INFO 15304 --- [r-event-handler] kafka.cluster.Partition                  : [Partition __consumer_offsets-2 broker=0] Log loaded for partition __consumer_offsets-2 with initial high watermark 0
2025-09-24T05:37:12.357+05:30  INFO 15304 --- [r-event-handler] state.change.logger                      : [Broker id=0] Leader __consumer_offsets-2 with topic id Some(ty3v6zbESQiAMlUpgb0xuQ) starts at leader epoch 0 from offset 0 with partition epoch 0, high watermark 0, ISR [0], adding replicas [] and removing replicas [] . Previous leader None and previous leader epoch was -1.
2025-09-24T05:37:12.360+05:30  INFO 15304 --- [r-event-handler] k.coordinator.group.GroupCoordinator     : [GroupCoordinator 0]: Elected as the group coordinator for partition 13 in epoch 0
2025-09-24T05:37:12.360+05:30  INFO 15304 --- [r-event-handler] k.c.group.GroupMetadataManager           : [GroupMetadataManager brokerId=0] Scheduling loading of offsets and group metadata from __consumer_offsets-13 for epoch 0
2025-09-24T05:37:12.367+05:30  INFO 15304 --- [r-event-handler] k.coordinator.group.GroupCoordinator     : [GroupCoordinator 0]: Elected as the group coordinator for partition 46 in epoch 0
2025-09-24T05:37:12.368+05:30  INFO 15304 --- [r-event-handler] k.c.group.GroupMetadataManager           : [GroupMetadataManager brokerId=0] Scheduling loading of offsets and group metadata from __consumer_offsets-46 for epoch 0
2025-09-24T05:37:12.368+05:30  INFO 15304 --- [r-event-handler] k.coordinator.group.GroupCoordinator     : [GroupCoordinator 0]: Elected as the group coordinator for partition 9 in epoch 0
2025-09-24T05:37:12.368+05:30  INFO 15304 --- [r-event-handler] k.c.group.GroupMetadataManager           : [GroupMetadataManager brokerId=0] Scheduling loading of offsets and group metadata from __consumer_offsets-9 for epoch 0
2025-09-24T05:37:12.368+05:30  INFO 15304 --- [r-event-handler] k.coordinator.group.GroupCoordinator     : [GroupCoordinator 0]: Elected as the group coordinator for partition 42 in epoch 0
2025-09-24T05:37:12.368+05:30  INFO 15304 --- [r-event-handler] k.c.group.GroupMetadataManager           : [GroupMetadataManager brokerId=0] Scheduling loading of offsets and group metadata from __consumer_offsets-42 for epoch 0
2025-09-24T05:37:12.368+05:30  INFO 15304 --- [r-event-handler] k.coordinator.group.GroupCoordinator     : [GroupCoordinator 0]: Elected as the group coordinator for partition 21 in epoch 0
2025-09-24T05:37:12.368+05:30  INFO 15304 --- [r-event-handler] k.c.group.GroupMetadataManager           : [GroupMetadataManager brokerId=0] Scheduling loading of offsets and group metadata from __consumer_offsets-21 for epoch 0
2025-09-24T05:37:12.368+05:30  INFO 15304 --- [r-event-handler] k.coordinator.group.GroupCoordinator     : [GroupCoordinator 0]: Elected as the group coordinator for partition 17 in epoch 0
2025-09-24T05:37:12.369+05:30  INFO 15304 --- [r-event-handler] k.c.group.GroupMetadataManager           : [GroupMetadataManager brokerId=0] Scheduling loading of offsets and group metadata from __consumer_offsets-17 for epoch 0
2025-09-24T05:37:12.369+05:30  INFO 15304 --- [r-event-handler] k.coordinator.group.GroupCoordinator     : [GroupCoordinator 0]: Elected as the group coordinator for partition 30 in epoch 0
2025-09-24T05:37:12.369+05:30  INFO 15304 --- [r-event-handler] k.c.group.GroupMetadataManager           : [GroupMetadataManager brokerId=0] Scheduling loading of offsets and group metadata from __consumer_offsets-30 for epoch 0
2025-09-24T05:37:12.369+05:30  INFO 15304 --- [r-event-handler] k.coordinator.group.GroupCoordinator     : [GroupCoordinator 0]: Elected as the group coordinator for partition 26 in epoch 0
2025-09-24T05:37:12.369+05:30  INFO 15304 --- [r-event-handler] k.c.group.GroupMetadataManager           : [GroupMetadataManager brokerId=0] Scheduling loading of offsets and group metadata from __consumer_offsets-26 for epoch 0
2025-09-24T05:37:12.369+05:30  INFO 15304 --- [r-event-handler] k.coordinator.group.GroupCoordinator     : [GroupCoordinator 0]: Elected as the group coordinator for partition 5 in epoch 0
2025-09-24T05:37:12.369+05:30  INFO 15304 --- [r-event-handler] k.c.group.GroupMetadataManager           : [GroupMetadataManager brokerId=0] Scheduling loading of offsets and group metadata from __consumer_offsets-5 for epoch 0
2025-09-24T05:37:12.369+05:30  INFO 15304 --- [r-event-handler] k.coordinator.group.GroupCoordinator     : [GroupCoordinator 0]: Elected as the group coordinator for partition 38 in epoch 0
2025-09-24T05:37:12.369+05:30  INFO 15304 --- [r-event-handler] k.c.group.GroupMetadataManager           : [GroupMetadataManager brokerId=0] Scheduling loading of offsets and group metadata from __consumer_offsets-38 for epoch 0
2025-09-24T05:37:12.369+05:30  INFO 15304 --- [r-event-handler] k.coordinator.group.GroupCoordinator     : [GroupCoordinator 0]: Elected as the group coordinator for partition 1 in epoch 0
2025-09-24T05:37:12.369+05:30  INFO 15304 --- [r-event-handler] k.c.group.GroupMetadataManager           : [GroupMetadataManager brokerId=0] Scheduling loading of offsets and group metadata from __consumer_offsets-1 for epoch 0
2025-09-24T05:37:12.369+05:30  INFO 15304 --- [r-event-handler] k.coordinator.group.GroupCoordinator     : [GroupCoordinator 0]: Elected as the group coordinator for partition 34 in epoch 0
2025-09-24T05:37:12.369+05:30  INFO 15304 --- [r-event-handler] k.c.group.GroupMetadataManager           : [GroupMetadataManager brokerId=0] Scheduling loading of offsets and group metadata from __consumer_offsets-34 for epoch 0
2025-09-24T05:37:12.369+05:30  INFO 15304 --- [r-event-handler] k.coordinator.group.GroupCoordinator     : [GroupCoordinator 0]: Elected as the group coordinator for partition 16 in epoch 0
2025-09-24T05:37:12.369+05:30  INFO 15304 --- [r-event-handler] k.c.group.GroupMetadataManager           : [GroupMetadataManager brokerId=0] Scheduling loading of offsets and group metadata from __consumer_offsets-16 for epoch 0
2025-09-24T05:37:12.369+05:30  INFO 15304 --- [r-event-handler] k.coordinator.group.GroupCoordinator     : [GroupCoordinator 0]: Elected as the group coordinator for partition 45 in epoch 0
2025-09-24T05:37:12.369+05:30  INFO 15304 --- [r-event-handler] k.c.group.GroupMetadataManager           : [GroupMetadataManager brokerId=0] Scheduling loading of offsets and group metadata from __consumer_offsets-45 for epoch 0
2025-09-24T05:37:12.369+05:30  INFO 15304 --- [r-event-handler] k.coordinator.group.GroupCoordinator     : [GroupCoordinator 0]: Elected as the group coordinator for partition 12 in epoch 0
2025-09-24T05:37:12.369+05:30  INFO 15304 --- [r-event-handler] k.c.group.GroupMetadataManager           : [GroupMetadataManager brokerId=0] Scheduling loading of offsets and group metadata from __consumer_offsets-12 for epoch 0
2025-09-24T05:37:12.369+05:30  INFO 15304 --- [r-event-handler] k.coordinator.group.GroupCoordinator     : [GroupCoordinator 0]: Elected as the group coordinator for partition 41 in epoch 0
2025-09-24T05:37:12.369+05:30  INFO 15304 --- [r-event-handler] k.c.group.GroupMetadataManager           : [GroupMetadataManager brokerId=0] Scheduling loading of offsets and group metadata from __consumer_offsets-41 for epoch 0
2025-09-24T05:37:12.369+05:30  INFO 15304 --- [r-event-handler] k.coordinator.group.GroupCoordinator     : [GroupCoordinator 0]: Elected as the group coordinator for partition 24 in epoch 0
2025-09-24T05:37:12.369+05:30  INFO 15304 --- [r-event-handler] k.c.group.GroupMetadataManager           : [GroupMetadataManager brokerId=0] Scheduling loading of offsets and group metadata from __consumer_offsets-24 for epoch 0
2025-09-24T05:37:12.369+05:30  INFO 15304 --- [r-event-handler] k.coordinator.group.GroupCoordinator     : [GroupCoordinator 0]: Elected as the group coordinator for partition 20 in epoch 0
2025-09-24T05:37:12.369+05:30  INFO 15304 --- [r-event-handler] k.c.group.GroupMetadataManager           : [GroupMetadataManager brokerId=0] Scheduling loading of offsets and group metadata from __consumer_offsets-20 for epoch 0
2025-09-24T05:37:12.369+05:30  INFO 15304 --- [r-event-handler] k.coordinator.group.GroupCoordinator     : [GroupCoordinator 0]: Elected as the group coordinator for partition 49 in epoch 0
2025-09-24T05:37:12.369+05:30  INFO 15304 --- [r-event-handler] k.c.group.GroupMetadataManager           : [GroupMetadataManager brokerId=0] Scheduling loading of offsets and group metadata from __consumer_offsets-49 for epoch 0
2025-09-24T05:37:12.369+05:30  INFO 15304 --- [r-event-handler] k.coordinator.group.GroupCoordinator     : [GroupCoordinator 0]: Elected as the group coordinator for partition 0 in epoch 0
2025-09-24T05:37:12.369+05:30  INFO 15304 --- [r-event-handler] k.c.group.GroupMetadataManager           : [GroupMetadataManager brokerId=0] Scheduling loading of offsets and group metadata from __consumer_offsets-0 for epoch 0
2025-09-24T05:37:12.369+05:30  INFO 15304 --- [r-event-handler] k.coordinator.group.GroupCoordinator     : [GroupCoordinator 0]: Elected as the group coordinator for partition 29 in epoch 0
2025-09-24T05:37:12.369+05:30  INFO 15304 --- [r-event-handler] k.c.group.GroupMetadataManager           : [GroupMetadataManager brokerId=0] Scheduling loading of offsets and group metadata from __consumer_offsets-29 for epoch 0
2025-09-24T05:37:12.369+05:30  INFO 15304 --- [r-event-handler] k.coordinator.group.GroupCoordinator     : [GroupCoordinator 0]: Elected as the group coordinator for partition 25 in epoch 0
2025-09-24T05:37:12.369+05:30  INFO 15304 --- [r-event-handler] k.c.group.GroupMetadataManager           : [GroupMetadataManager brokerId=0] Scheduling loading of offsets and group metadata from __consumer_offsets-25 for epoch 0
2025-09-24T05:37:12.369+05:30  INFO 15304 --- [r-event-handler] k.coordinator.group.GroupCoordinator     : [GroupCoordinator 0]: Elected as the group coordinator for partition 8 in epoch 0
2025-09-24T05:37:12.369+05:30  INFO 15304 --- [r-event-handler] k.c.group.GroupMetadataManager           : [GroupMetadataManager brokerId=0] Scheduling loading of offsets and group metadata from __consumer_offsets-8 for epoch 0
2025-09-24T05:37:12.369+05:30  INFO 15304 --- [r-event-handler] k.coordinator.group.GroupCoordinator     : [GroupCoordinator 0]: Elected as the group coordinator for partition 37 in epoch 0
2025-09-24T05:37:12.369+05:30  INFO 15304 --- [r-event-handler] k.c.group.GroupMetadataManager           : [GroupMetadataManager brokerId=0] Scheduling loading of offsets and group metadata from __consumer_offsets-37 for epoch 0
2025-09-24T05:37:12.369+05:30  INFO 15304 --- [r-event-handler] k.coordinator.group.GroupCoordinator     : [GroupCoordinator 0]: Elected as the group coordinator for partition 4 in epoch 0
2025-09-24T05:37:12.369+05:30  INFO 15304 --- [r-event-handler] k.c.group.GroupMetadataManager           : [GroupMetadataManager brokerId=0] Scheduling loading of offsets and group metadata from __consumer_offsets-4 for epoch 0
2025-09-24T05:37:12.369+05:30  INFO 15304 --- [r-event-handler] k.coordinator.group.GroupCoordinator     : [GroupCoordinator 0]: Elected as the group coordinator for partition 33 in epoch 0
2025-09-24T05:37:12.369+05:30  INFO 15304 --- [r-event-handler] k.c.group.GroupMetadataManager           : [GroupMetadataManager brokerId=0] Scheduling loading of offsets and group metadata from __consumer_offsets-33 for epoch 0
2025-09-24T05:37:12.369+05:30  INFO 15304 --- [r-event-handler] k.coordinator.group.GroupCoordinator     : [GroupCoordinator 0]: Elected as the group coordinator for partition 15 in epoch 0
2025-09-24T05:37:12.369+05:30  INFO 15304 --- [r-event-handler] k.c.group.GroupMetadataManager           : [GroupMetadataManager brokerId=0] Scheduling loading of offsets and group metadata from __consumer_offsets-15 for epoch 0
2025-09-24T05:37:12.369+05:30  INFO 15304 --- [r-event-handler] k.coordinator.group.GroupCoordinator     : [GroupCoordinator 0]: Elected as the group coordinator for partition 48 in epoch 0
2025-09-24T05:37:12.369+05:30  INFO 15304 --- [r-event-handler] k.c.group.GroupMetadataManager           : [GroupMetadataManager brokerId=0] Scheduling loading of offsets and group metadata from __consumer_offsets-48 for epoch 0
2025-09-24T05:37:12.369+05:30  INFO 15304 --- [r-event-handler] k.coordinator.group.GroupCoordinator     : [GroupCoordinator 0]: Elected as the group coordinator for partition 11 in epoch 0
2025-09-24T05:37:12.369+05:30  INFO 15304 --- [r-event-handler] k.c.group.GroupMetadataManager           : [GroupMetadataManager brokerId=0] Scheduling loading of offsets and group metadata from __consumer_offsets-11 for epoch 0
2025-09-24T05:37:12.369+05:30  INFO 15304 --- [r-event-handler] k.coordinator.group.GroupCoordinator     : [GroupCoordinator 0]: Elected as the group coordinator for partition 44 in epoch 0
2025-09-24T05:37:12.369+05:30  INFO 15304 --- [r-event-handler] k.c.group.GroupMetadataManager           : [GroupMetadataManager brokerId=0] Scheduling loading of offsets and group metadata from __consumer_offsets-44 for epoch 0
2025-09-24T05:37:12.369+05:30  INFO 15304 --- [r-event-handler] k.coordinator.group.GroupCoordinator     : [GroupCoordinator 0]: Elected as the group coordinator for partition 23 in epoch 0
2025-09-24T05:37:12.369+05:30  INFO 15304 --- [r-event-handler] k.c.group.GroupMetadataManager           : [GroupMetadataManager brokerId=0] Scheduling loading of offsets and group metadata from __consumer_offsets-23 for epoch 0
2025-09-24T05:37:12.369+05:30  INFO 15304 --- [r-event-handler] k.coordinator.group.GroupCoordinator     : [GroupCoordinator 0]: Elected as the group coordinator for partition 19 in epoch 0
2025-09-24T05:37:12.369+05:30  INFO 15304 --- [r-event-handler] k.c.group.GroupMetadataManager           : [GroupMetadataManager brokerId=0] Scheduling loading of offsets and group metadata from __consumer_offsets-19 for epoch 0
2025-09-24T05:37:12.369+05:30  INFO 15304 --- [r-event-handler] k.coordinator.group.GroupCoordinator     : [GroupCoordinator 0]: Elected as the group coordinator for partition 32 in epoch 0
2025-09-24T05:37:12.369+05:30  INFO 15304 --- [r-event-handler] k.c.group.GroupMetadataManager           : [GroupMetadataManager brokerId=0] Scheduling loading of offsets and group metadata from __consumer_offsets-32 for epoch 0
2025-09-24T05:37:12.369+05:30  INFO 15304 --- [r-event-handler] k.coordinator.group.GroupCoordinator     : [GroupCoordinator 0]: Elected as the group coordinator for partition 28 in epoch 0
2025-09-24T05:37:12.369+05:30  INFO 15304 --- [r-event-handler] k.c.group.GroupMetadataManager           : [GroupMetadataManager brokerId=0] Scheduling loading of offsets and group metadata from __consumer_offsets-28 for epoch 0
2025-09-24T05:37:12.369+05:30  INFO 15304 --- [r-event-handler] k.coordinator.group.GroupCoordinator     : [GroupCoordinator 0]: Elected as the group coordinator for partition 7 in epoch 0
2025-09-24T05:37:12.369+05:30  INFO 15304 --- [r-event-handler] k.c.group.GroupMetadataManager           : [GroupMetadataManager brokerId=0] Scheduling loading of offsets and group metadata from __consumer_offsets-7 for epoch 0
2025-09-24T05:37:12.369+05:30  INFO 15304 --- [r-event-handler] k.coordinator.group.GroupCoordinator     : [GroupCoordinator 0]: Elected as the group coordinator for partition 40 in epoch 0
2025-09-24T05:37:12.369+05:30  INFO 15304 --- [r-event-handler] k.c.group.GroupMetadataManager           : [GroupMetadataManager brokerId=0] Scheduling loading of offsets and group metadata from __consumer_offsets-40 for epoch 0
2025-09-24T05:37:12.369+05:30  INFO 15304 --- [r-event-handler] k.coordinator.group.GroupCoordinator     : [GroupCoordinator 0]: Elected as the group coordinator for partition 3 in epoch 0
2025-09-24T05:37:12.369+05:30  INFO 15304 --- [r-event-handler] k.c.group.GroupMetadataManager           : [GroupMetadataManager brokerId=0] Scheduling loading of offsets and group metadata from __consumer_offsets-3 for epoch 0
2025-09-24T05:37:12.369+05:30  INFO 15304 --- [r-event-handler] k.coordinator.group.GroupCoordinator     : [GroupCoordinator 0]: Elected as the group coordinator for partition 36 in epoch 0
2025-09-24T05:37:12.369+05:30  INFO 15304 --- [r-event-handler] k.c.group.GroupMetadataManager           : [GroupMetadataManager brokerId=0] Scheduling loading of offsets and group metadata from __consumer_offsets-36 for epoch 0
2025-09-24T05:37:12.369+05:30  INFO 15304 --- [r-event-handler] k.coordinator.group.GroupCoordinator     : [GroupCoordinator 0]: Elected as the group coordinator for partition 47 in epoch 0
2025-09-24T05:37:12.369+05:30  INFO 15304 --- [r-event-handler] k.c.group.GroupMetadataManager           : [GroupMetadataManager brokerId=0] Scheduling loading of offsets and group metadata from __consumer_offsets-47 for epoch 0
2025-09-24T05:37:12.369+05:30  INFO 15304 --- [r-event-handler] k.coordinator.group.GroupCoordinator     : [GroupCoordinator 0]: Elected as the group coordinator for partition 14 in epoch 0
2025-09-24T05:37:12.369+05:30  INFO 15304 --- [r-event-handler] k.c.group.GroupMetadataManager           : [GroupMetadataManager brokerId=0] Scheduling loading of offsets and group metadata from __consumer_offsets-14 for epoch 0
2025-09-24T05:37:12.369+05:30  INFO 15304 --- [r-event-handler] k.coordinator.group.GroupCoordinator     : [GroupCoordinator 0]: Elected as the group coordinator for partition 43 in epoch 0
2025-09-24T05:37:12.369+05:30  INFO 15304 --- [r-event-handler] k.c.group.GroupMetadataManager           : [GroupMetadataManager brokerId=0] Scheduling loading of offsets and group metadata from __consumer_offsets-43 for epoch 0
2025-09-24T05:37:12.369+05:30  INFO 15304 --- [r-event-handler] k.coordinator.group.GroupCoordinator     : [GroupCoordinator 0]: Elected as the group coordinator for partition 10 in epoch 0
2025-09-24T05:37:12.369+05:30  INFO 15304 --- [r-event-handler] k.c.group.GroupMetadataManager           : [GroupMetadataManager brokerId=0] Scheduling loading of offsets and group metadata from __consumer_offsets-10 for epoch 0
2025-09-24T05:37:12.369+05:30  INFO 15304 --- [r-event-handler] k.coordinator.group.GroupCoordinator     : [GroupCoordinator 0]: Elected as the group coordinator for partition 22 in epoch 0
2025-09-24T05:37:12.369+05:30  INFO 15304 --- [r-event-handler] k.c.group.GroupMetadataManager           : [GroupMetadataManager brokerId=0] Scheduling loading of offsets and group metadata from __consumer_offsets-22 for epoch 0
2025-09-24T05:37:12.369+05:30  INFO 15304 --- [r-event-handler] k.coordinator.group.GroupCoordinator     : [GroupCoordinator 0]: Elected as the group coordinator for partition 18 in epoch 0
2025-09-24T05:37:12.369+05:30  INFO 15304 --- [r-event-handler] k.c.group.GroupMetadataManager           : [GroupMetadataManager brokerId=0] Scheduling loading of offsets and group metadata from __consumer_offsets-18 for epoch 0
2025-09-24T05:37:12.369+05:30  INFO 15304 --- [r-event-handler] k.coordinator.group.GroupCoordinator     : [GroupCoordinator 0]: Elected as the group coordinator for partition 31 in epoch 0
2025-09-24T05:37:12.369+05:30  INFO 15304 --- [r-event-handler] k.c.group.GroupMetadataManager           : [GroupMetadataManager brokerId=0] Scheduling loading of offsets and group metadata from __consumer_offsets-31 for epoch 0
2025-09-24T05:37:12.369+05:30  INFO 15304 --- [r-event-handler] k.coordinator.group.GroupCoordinator     : [GroupCoordinator 0]: Elected as the group coordinator for partition 27 in epoch 0
2025-09-24T05:37:12.369+05:30  INFO 15304 --- [r-event-handler] k.c.group.GroupMetadataManager           : [GroupMetadataManager brokerId=0] Scheduling loading of offsets and group metadata from __consumer_offsets-27 for epoch 0
2025-09-24T05:37:12.369+05:30  INFO 15304 --- [r-event-handler] k.coordinator.group.GroupCoordinator     : [GroupCoordinator 0]: Elected as the group coordinator for partition 39 in epoch 0
2025-09-24T05:37:12.369+05:30  INFO 15304 --- [r-event-handler] k.c.group.GroupMetadataManager           : [GroupMetadataManager brokerId=0] Scheduling loading of offsets and group metadata from __consumer_offsets-39 for epoch 0
2025-09-24T05:37:12.369+05:30  INFO 15304 --- [r-event-handler] k.coordinator.group.GroupCoordinator     : [GroupCoordinator 0]: Elected as the group coordinator for partition 6 in epoch 0
2025-09-24T05:37:12.369+05:30  INFO 15304 --- [r-event-handler] k.c.group.GroupMetadataManager           : [GroupMetadataManager brokerId=0] Scheduling loading of offsets and group metadata from __consumer_offsets-6 for epoch 0
2025-09-24T05:37:12.369+05:30  INFO 15304 --- [r-event-handler] k.coordinator.group.GroupCoordinator     : [GroupCoordinator 0]: Elected as the group coordinator for partition 35 in epoch 0
2025-09-24T05:37:12.369+05:30  INFO 15304 --- [r-event-handler] k.c.group.GroupMetadataManager           : [GroupMetadataManager brokerId=0] Scheduling loading of offsets and group metadata from __consumer_offsets-35 for epoch 0
2025-09-24T05:37:12.369+05:30  INFO 15304 --- [r-event-handler] k.coordinator.group.GroupCoordinator     : [GroupCoordinator 0]: Elected as the group coordinator for partition 2 in epoch 0
2025-09-24T05:37:12.369+05:30  INFO 15304 --- [r-event-handler] k.c.group.GroupMetadataManager           : [GroupMetadataManager brokerId=0] Scheduling loading of offsets and group metadata from __consumer_offsets-2 for epoch 0
2025-09-24T05:37:12.375+05:30  INFO 15304 --- [r-event-handler] k.s.metadata.DynamicConfigPublisher      : [DynamicConfigPublisher broker id=0] Updating topic __consumer_offsets with new configuration : compression.type -> producer,cleanup.policy -> compact,segment.bytes -> 104857600
2025-09-24T05:37:12.387+05:30  INFO 15304 --- [ntainer#0-0-C-1] o.a.k.c.c.internals.ConsumerCoordinator  : [Consumer clientId=consumer-midas-core-test-1, groupId=midas-core-test] Discovered group coordinator localhost:52128 (id: 2147483647 rack: null)
2025-09-24T05:37:12.391+05:30  INFO 15304 --- [adata-manager-0] k.c.group.GroupMetadataManager           : [GroupMetadataManager brokerId=0] Finished loading offsets and group metadata from __consumer_offsets-13 in 25 milliseconds for epoch 0, of which 11 milliseconds was spent in the scheduler.
2025-09-24T05:37:12.391+05:30  INFO 15304 --- [adata-manager-0] k.c.group.GroupMetadataManager           : [GroupMetadataManager brokerId=0] Finished loading offsets and group metadata from __consumer_offsets-46 in 23 milliseconds for epoch 0, of which 23 milliseconds was spent in the scheduler.
2025-09-24T05:37:12.391+05:30  INFO 15304 --- [adata-manager-0] k.c.group.GroupMetadataManager           : [GroupMetadataManager brokerId=0] Finished loading offsets and group metadata from __consumer_offsets-9 in 23 milliseconds for epoch 0, of which 23 milliseconds was spent in the scheduler.
2025-09-24T05:37:12.391+05:30  INFO 15304 --- [ntainer#0-0-C-1] o.a.k.c.c.internals.ConsumerCoordinator  : [Consumer clientId=consumer-midas-core-test-1, groupId=midas-core-test] Request joining group due to: rebalance failed due to 'This is not the correct coordinator.' (NotCoordinatorException)
2025-09-24T05:37:12.391+05:30  INFO 15304 --- [adata-manager-0] k.c.group.GroupMetadataManager           : [GroupMetadataManager brokerId=0] Finished loading offsets and group metadata from __consumer_offsets-42 in 23 milliseconds for epoch 0, of which 23 milliseconds was spent in the scheduler.
2025-09-24T05:37:12.391+05:30  INFO 15304 --- [adata-manager-0] k.c.group.GroupMetadataManager           : [GroupMetadataManager brokerId=0] Finished loading offsets and group metadata from __consumer_offsets-21 in 23 milliseconds for epoch 0, of which 23 milliseconds was spent in the scheduler.
2025-09-24T05:37:12.391+05:30  INFO 15304 --- [adata-manager-0] k.c.group.GroupMetadataManager           : [GroupMetadataManager brokerId=0] Finished loading offsets and group metadata from __consumer_offsets-17 in 22 milliseconds for epoch 0, of which 22 milliseconds was spent in the scheduler.
2025-09-24T05:37:12.393+05:30  INFO 15304 --- [ntainer#0-0-C-1] o.a.k.c.c.internals.ConsumerCoordinator  : [Consumer clientId=consumer-midas-core-test-1, groupId=midas-core-test] (Re-)joining group
2025-09-24T05:37:12.393+05:30  INFO 15304 --- [adata-manager-0] k.c.group.GroupMetadataManager           : [GroupMetadataManager brokerId=0] Finished loading offsets and group metadata from __consumer_offsets-30 in 24 milliseconds for epoch 0, of which 22 milliseconds was spent in the scheduler.
2025-09-24T05:37:12.393+05:30  INFO 15304 --- [adata-manager-0] k.c.group.GroupMetadataManager           : [GroupMetadataManager brokerId=0] Finished loading offsets and group metadata from __consumer_offsets-26 in 24 milliseconds for epoch 0, of which 24 milliseconds was spent in the scheduler.
2025-09-24T05:37:12.393+05:30  INFO 15304 --- [adata-manager-0] k.c.group.GroupMetadataManager           : [GroupMetadataManager brokerId=0] Finished loading offsets and group metadata from __consumer_offsets-5 in 24 milliseconds for epoch 0, of which 24 milliseconds was spent in the scheduler.
2025-09-24T05:37:12.393+05:30  INFO 15304 --- [adata-manager-0] k.c.group.GroupMetadataManager           : [GroupMetadataManager brokerId=0] Finished loading offsets and group metadata from __consumer_offsets-38 in 24 milliseconds for epoch 0, of which 24 milliseconds was spent in the scheduler.
2025-09-24T05:37:12.393+05:30  INFO 15304 --- [adata-manager-0] k.c.group.GroupMetadataManager           : [GroupMetadataManager brokerId=0] Finished loading offsets and group metadata from __consumer_offsets-1 in 24 milliseconds for epoch 0, of which 24 milliseconds was spent in the scheduler.
2025-09-24T05:37:12.393+05:30  INFO 15304 --- [adata-manager-0] k.c.group.GroupMetadataManager           : [GroupMetadataManager brokerId=0] Finished loading offsets and group metadata from __consumer_offsets-34 in 24 milliseconds for epoch 0, of which 24 milliseconds was spent in the scheduler.
2025-09-24T05:37:12.393+05:30  INFO 15304 --- [adata-manager-0] k.c.group.GroupMetadataManager           : [GroupMetadataManager brokerId=0] Finished loading offsets and group metadata from __consumer_offsets-16 in 24 milliseconds for epoch 0, of which 24 milliseconds was spent in the scheduler.
2025-09-24T05:37:12.393+05:30  INFO 15304 --- [adata-manager-0] k.c.group.GroupMetadataManager           : [GroupMetadataManager brokerId=0] Finished loading offsets and group metadata from __consumer_offsets-45 in 24 milliseconds for epoch 0, of which 24 milliseconds was spent in the scheduler.
2025-09-24T05:37:12.396+05:30  INFO 15304 --- [adata-manager-0] k.c.group.GroupMetadataManager           : [GroupMetadataManager brokerId=0] Finished loading offsets and group metadata from __consumer_offsets-12 in 27 milliseconds for epoch 0, of which 27 milliseconds was spent in the scheduler.
2025-09-24T05:37:12.396+05:30  INFO 15304 --- [adata-manager-0] k.c.group.GroupMetadataManager           : [GroupMetadataManager brokerId=0] Finished loading offsets and group metadata from __consumer_offsets-41 in 27 milliseconds for epoch 0, of which 27 milliseconds was spent in the scheduler.
2025-09-24T05:37:12.398+05:30  INFO 15304 --- [adata-manager-0] k.c.group.GroupMetadataManager           : [GroupMetadataManager brokerId=0] Finished loading offsets and group metadata from __consumer_offsets-24 in 29 milliseconds for epoch 0, of which 27 milliseconds was spent in the scheduler.
2025-09-24T05:37:12.398+05:30  INFO 15304 --- [adata-manager-0] k.c.group.GroupMetadataManager           : [GroupMetadataManager brokerId=0] Finished loading offsets and group metadata from __consumer_offsets-20 in 29 milliseconds for epoch 0, of which 29 milliseconds was spent in the scheduler.
2025-09-24T05:37:12.398+05:30  INFO 15304 --- [adata-manager-0] k.c.group.GroupMetadataManager           : [GroupMetadataManager brokerId=0] Finished loading offsets and group metadata from __consumer_offsets-49 in 29 milliseconds for epoch 0, of which 29 milliseconds was spent in the scheduler.
2025-09-24T05:37:12.398+05:30  INFO 15304 --- [adata-manager-0] k.c.group.GroupMetadataManager           : [GroupMetadataManager brokerId=0] Finished loading offsets and group metadata from __consumer_offsets-0 in 29 milliseconds for epoch 0, of which 29 milliseconds was spent in the scheduler.
2025-09-24T05:37:12.398+05:30  INFO 15304 --- [adata-manager-0] k.c.group.GroupMetadataManager           : [GroupMetadataManager brokerId=0] Finished loading offsets and group metadata from __consumer_offsets-29 in 29 milliseconds for epoch 0, of which 29 milliseconds was spent in the scheduler.
2025-09-24T05:37:12.398+05:30  INFO 15304 --- [ntainer#0-0-C-1] o.a.k.c.c.internals.ConsumerCoordinator  : [Consumer clientId=consumer-midas-core-test-1, groupId=midas-core-test] Group coordinator localhost:52128 (id: 2147483647 rack: null) is unavailable or invalid due to cause: error response NOT_COORDINATOR. isDisconnected: false. Rediscovery will be attempted.
2025-09-24T05:37:12.398+05:30  INFO 15304 --- [ntainer#0-0-C-1] o.a.k.c.c.internals.ConsumerCoordinator  : [Consumer clientId=consumer-midas-core-test-1, groupId=midas-core-test] Requesting disconnect from last known coordinator localhost:52128 (id: 2147483647 rack: null)
2025-09-24T05:37:12.398+05:30  INFO 15304 --- [ntainer#0-0-C-1] o.a.k.c.c.internals.ConsumerCoordinator  : [Consumer clientId=consumer-midas-core-test-1, groupId=midas-core-test] JoinGroup failed: This is not the correct coordinator. Marking coordinator unknown. Sent generation was Generation{generationId=-1, memberId='', protocol='null'}
2025-09-24T05:37:12.398+05:30  INFO 15304 --- [adata-manager-0] k.c.group.GroupMetadataManager           : [GroupMetadataManager brokerId=0] Finished loading offsets and group metadata from __consumer_offsets-25 in 29 milliseconds for epoch 0, of which 29 milliseconds was spent in the scheduler.
2025-09-24T05:37:12.398+05:30  INFO 15304 --- [adata-manager-0] k.c.group.GroupMetadataManager           : [GroupMetadataManager brokerId=0] Finished loading offsets and group metadata from __consumer_offsets-8 in 29 milliseconds for epoch 0, of which 29 milliseconds was spent in the scheduler.
2025-09-24T05:37:12.398+05:30  INFO 15304 --- [ntainer#0-0-C-1] org.apache.kafka.clients.NetworkClient   : [Consumer clientId=consumer-midas-core-test-1, groupId=midas-core-test] Client requested disconnect from node 2147483647
2025-09-24T05:37:12.399+05:30  INFO 15304 --- [adata-manager-0] k.c.group.GroupMetadataManager           : [GroupMetadataManager brokerId=0] Finished loading offsets and group metadata from __consumer_offsets-37 in 30 milliseconds for epoch 0, of which 29 milliseconds was spent in the scheduler.
2025-09-24T05:37:12.399+05:30  INFO 15304 --- [adata-manager-0] k.c.group.GroupMetadataManager           : [GroupMetadataManager brokerId=0] Finished loading offsets and group metadata from __consumer_offsets-4 in 30 milliseconds for epoch 0, of which 30 milliseconds was spent in the scheduler.
2025-09-24T05:37:12.399+05:30  INFO 15304 --- [adata-manager-0] k.c.group.GroupMetadataManager           : [GroupMetadataManager brokerId=0] Finished loading offsets and group metadata from __consumer_offsets-33 in 30 milliseconds for epoch 0, of which 30 milliseconds was spent in the scheduler.
2025-09-24T05:37:12.399+05:30  INFO 15304 --- [adata-manager-0] k.c.group.GroupMetadataManager           : [GroupMetadataManager brokerId=0] Finished loading offsets and group metadata from __consumer_offsets-15 in 30 milliseconds for epoch 0, of which 30 milliseconds was spent in the scheduler.
2025-09-24T05:37:12.399+05:30  INFO 15304 --- [adata-manager-0] k.c.group.GroupMetadataManager           : [GroupMetadataManager brokerId=0] Finished loading offsets and group metadata from __consumer_offsets-48 in 30 milliseconds for epoch 0, of which 30 milliseconds was spent in the scheduler.
2025-09-24T05:37:12.399+05:30  INFO 15304 --- [adata-manager-0] k.c.group.GroupMetadataManager           : [GroupMetadataManager brokerId=0] Finished loading offsets and group metadata from __consumer_offsets-11 in 30 milliseconds for epoch 0, of which 30 milliseconds was spent in the scheduler.
2025-09-24T05:37:12.399+05:30  INFO 15304 --- [adata-manager-0] k.c.group.GroupMetadataManager           : [GroupMetadataManager brokerId=0] Finished loading offsets and group metadata from __consumer_offsets-44 in 30 milliseconds for epoch 0, of which 30 milliseconds was spent in the scheduler.
2025-09-24T05:37:12.399+05:30  INFO 15304 --- [adata-manager-0] k.c.group.GroupMetadataManager           : [GroupMetadataManager brokerId=0] Finished loading offsets and group metadata from __consumer_offsets-23 in 30 milliseconds for epoch 0, of which 30 milliseconds was spent in the scheduler.
2025-09-24T05:37:12.399+05:30  INFO 15304 --- [adata-manager-0] k.c.group.GroupMetadataManager           : [GroupMetadataManager brokerId=0] Finished loading offsets and group metadata from __consumer_offsets-19 in 30 milliseconds for epoch 0, of which 30 milliseconds was spent in the scheduler.
2025-09-24T05:37:12.399+05:30  INFO 15304 --- [adata-manager-0] k.c.group.GroupMetadataManager           : [GroupMetadataManager brokerId=0] Finished loading offsets and group metadata from __consumer_offsets-32 in 30 milliseconds for epoch 0, of which 30 milliseconds was spent in the scheduler.
2025-09-24T05:37:12.399+05:30  INFO 15304 --- [adata-manager-0] k.c.group.GroupMetadataManager           : [GroupMetadataManager brokerId=0] Finished loading offsets and group metadata from __consumer_offsets-28 in 30 milliseconds for epoch 0, of which 30 milliseconds was spent in the scheduler.
2025-09-24T05:37:12.399+05:30  INFO 15304 --- [ntainer#0-0-C-1] o.a.k.c.c.internals.ConsumerCoordinator  : [Consumer clientId=consumer-midas-core-test-1, groupId=midas-core-test] Discovered group coordinator localhost:52128 (id: 2147483647 rack: null)
2025-09-24T05:37:12.399+05:30  INFO 15304 --- [adata-manager-0] k.c.group.GroupMetadataManager           : [GroupMetadataManager brokerId=0] Finished loading offsets and group metadata from __consumer_offsets-7 in 30 milliseconds for epoch 0, of which 30 milliseconds was spent in the scheduler.
2025-09-24T05:37:12.399+05:30  INFO 15304 --- [ntainer#0-0-C-1] o.a.k.c.c.internals.ConsumerCoordinator  : [Consumer clientId=consumer-midas-core-test-1, groupId=midas-core-test] Group coordinator localhost:52128 (id: 2147483647 rack: null) is unavailable or invalid due to cause: coordinator unavailable. isDisconnected: false. Rediscovery will be attempted.
2025-09-24T05:37:12.399+05:30  INFO 15304 --- [ntainer#0-0-C-1] o.a.k.c.c.internals.ConsumerCoordinator  : [Consumer clientId=consumer-midas-core-test-1, groupId=midas-core-test] Requesting disconnect from last known coordinator localhost:52128 (id: 2147483647 rack: null)
2025-09-24T05:37:12.399+05:30  INFO 15304 --- [adata-manager-0] k.c.group.GroupMetadataManager           : [GroupMetadataManager brokerId=0] Finished loading offsets and group metadata from __consumer_offsets-40 in 30 milliseconds for epoch 0, of which 30 milliseconds was spent in the scheduler.
2025-09-24T05:37:12.399+05:30  INFO 15304 --- [adata-manager-0] k.c.group.GroupMetadataManager           : [GroupMetadataManager brokerId=0] Finished loading offsets and group metadata from __consumer_offsets-3 in 30 milliseconds for epoch 0, of which 30 milliseconds was spent in the scheduler.
2025-09-24T05:37:12.399+05:30  INFO 15304 --- [adata-manager-0] k.c.group.GroupMetadataManager           : [GroupMetadataManager brokerId=0] Finished loading offsets and group metadata from __consumer_offsets-36 in 30 milliseconds for epoch 0, of which 30 milliseconds was spent in the scheduler.
2025-09-24T05:37:12.399+05:30  INFO 15304 --- [adata-manager-0] k.c.group.GroupMetadataManager           : [GroupMetadataManager brokerId=0] Finished loading offsets and group metadata from __consumer_offsets-47 in 30 milliseconds for epoch 0, of which 30 milliseconds was spent in the scheduler.
2025-09-24T05:37:12.399+05:30  INFO 15304 --- [adata-manager-0] k.c.group.GroupMetadataManager           : [GroupMetadataManager brokerId=0] Finished loading offsets and group metadata from __consumer_offsets-14 in 30 milliseconds for epoch 0, of which 30 milliseconds was spent in the scheduler.
2025-09-24T05:37:12.402+05:30  INFO 15304 --- [adata-manager-0] k.c.group.GroupMetadataManager           : [GroupMetadataManager brokerId=0] Finished loading offsets and group metadata from __consumer_offsets-43 in 33 milliseconds for epoch 0, of which 30 milliseconds was spent in the scheduler.
2025-09-24T05:37:12.402+05:30  INFO 15304 --- [adata-manager-0] k.c.group.GroupMetadataManager           : [GroupMetadataManager brokerId=0] Finished loading offsets and group metadata from __consumer_offsets-10 in 33 milliseconds for epoch 0, of which 33 milliseconds was spent in the scheduler.
2025-09-24T05:37:12.402+05:30  INFO 15304 --- [adata-manager-0] k.c.group.GroupMetadataManager           : [GroupMetadataManager brokerId=0] Finished loading offsets and group metadata from __consumer_offsets-22 in 33 milliseconds for epoch 0, of which 33 milliseconds was spent in the scheduler.
2025-09-24T05:37:12.402+05:30  INFO 15304 --- [adata-manager-0] k.c.group.GroupMetadataManager           : [GroupMetadataManager brokerId=0] Finished loading offsets and group metadata from __consumer_offsets-18 in 33 milliseconds for epoch 0, of which 33 milliseconds was spent in the scheduler.
2025-09-24T05:37:12.402+05:30  INFO 15304 --- [adata-manager-0] k.c.group.GroupMetadataManager           : [GroupMetadataManager brokerId=0] Finished loading offsets and group metadata from __consumer_offsets-31 in 33 milliseconds for epoch 0, of which 33 milliseconds was spent in the scheduler.
2025-09-24T05:37:12.402+05:30  INFO 15304 --- [adata-manager-0] k.c.group.GroupMetadataManager           : [GroupMetadataManager brokerId=0] Finished loading offsets and group metadata from __consumer_offsets-27 in 33 milliseconds for epoch 0, of which 33 milliseconds was spent in the scheduler.
2025-09-24T05:37:12.402+05:30  INFO 15304 --- [adata-manager-0] k.c.group.GroupMetadataManager           : [GroupMetadataManager brokerId=0] Finished loading offsets and group metadata from __consumer_offsets-39 in 33 milliseconds for epoch 0, of which 33 milliseconds was spent in the scheduler.
2025-09-24T05:37:12.402+05:30  INFO 15304 --- [adata-manager-0] k.c.group.GroupMetadataManager           : [GroupMetadataManager brokerId=0] Finished loading offsets and group metadata from __consumer_offsets-6 in 33 milliseconds for epoch 0, of which 33 milliseconds was spent in the scheduler.
2025-09-24T05:37:12.402+05:30  INFO 15304 --- [adata-manager-0] k.c.group.GroupMetadataManager           : [GroupMetadataManager brokerId=0] Finished loading offsets and group metadata from __consumer_offsets-35 in 33 milliseconds for epoch 0, of which 33 milliseconds was spent in the scheduler.
2025-09-24T05:37:12.402+05:30  INFO 15304 --- [adata-manager-0] k.c.group.GroupMetadataManager           : [GroupMetadataManager brokerId=0] Finished loading offsets and group metadata from __consumer_offsets-2 in 33 milliseconds for epoch 0, of which 33 milliseconds was spent in the scheduler.
2025-09-24T05:37:12.481+05:30  INFO 15304 --- [           main] o.a.k.clients.producer.ProducerConfig    : ProducerConfig values: 
	acks = -1
	auto.include.jmx.reporter = true
	batch.size = 16384
	bootstrap.servers = [localhost:52128]
	buffer.memory = 33554432
	client.dns.lookup = use_all_dns_ips
	client.id = producer-1
	compression.type = none
	connections.max.idle.ms = 540000
	delivery.timeout.ms = 120000
	enable.idempotence = true
	interceptor.classes = []
	key.serializer = class org.apache.kafka.common.serialization.StringSerializer
	linger.ms = 0
	max.block.ms = 60000
	max.in.flight.requests.per.connection = 5
	max.request.size = 1048576
	metadata.max.age.ms = 300000
	metadata.max.idle.ms = 300000
	metric.reporters = []
	metrics.num.samples = 2
	metrics.recording.level = INFO
	metrics.sample.window.ms = 30000
	partitioner.adaptive.partitioning.enable = true
	partitioner.availability.timeout.ms = 0
	partitioner.class = null
	partitioner.ignore.keys = false
	receive.buffer.bytes = 32768
	reconnect.backoff.max.ms = 1000
	reconnect.backoff.ms = 50
	request.timeout.ms = 30000
	retries = 2147483647
	retry.backoff.ms = 100
	sasl.client.callback.handler.class = null
	sasl.jaas.config = null
	sasl.kerberos.kinit.cmd = /usr/bin/kinit
	sasl.kerberos.min.time.before.relogin = 60000
	sasl.kerberos.service.name = null
	sasl.kerberos.ticket.renew.jitter = 0.05
	sasl.kerberos.ticket.renew.window.factor = 0.8
	sasl.login.callback.handler.class = null
	sasl.login.class = null
	sasl.login.connect.timeout.ms = null
	sasl.login.read.timeout.ms = null
	sasl.login.refresh.buffer.seconds = 300
	sasl.login.refresh.min.period.seconds = 60
	sasl.login.refresh.window.factor = 0.8
	sasl.login.refresh.window.jitter = 0.05
	sasl.login.retry.backoff.max.ms = 10000
	sasl.login.retry.backoff.ms = 100
	sasl.mechanism = GSSAPI
	sasl.oauthbearer.clock.skew.seconds = 30
	sasl.oauthbearer.expected.audience = null
	sasl.oauthbearer.expected.issuer = null
	sasl.oauthbearer.jwks.endpoint.refresh.ms = 3600000
	sasl.oauthbearer.jwks.endpoint.retry.backoff.max.ms = 10000
	sasl.oauthbearer.jwks.endpoint.retry.backoff.ms = 100
	sasl.oauthbearer.jwks.endpoint.url = null
	sasl.oauthbearer.scope.claim.name = scope
	sasl.oauthbearer.sub.claim.name = sub
	sasl.oauthbearer.token.endpoint.url = null
	security.protocol = PLAINTEXT
	security.providers = null
	send.buffer.bytes = 131072
	socket.connection.setup.timeout.max.ms = 30000
	socket.connection.setup.timeout.ms = 10000
	ssl.cipher.suites = null
	ssl.enabled.protocols = [TLSv1.2, TLSv1.3]
	ssl.endpoint.identification.algorithm = https
	ssl.engine.factory.class = null
	ssl.key.password = null
	ssl.keymanager.algorithm = SunX509
	ssl.keystore.certificate.chain = null
	ssl.keystore.key = null
	ssl.keystore.location = null
	ssl.keystore.password = null
	ssl.keystore.type = JKS
	ssl.protocol = TLSv1.3
	ssl.provider = null
	ssl.secure.random.implementation = null
	ssl.trustmanager.algorithm = PKIX
	ssl.truststore.certificates = null
	ssl.truststore.location = null
	ssl.truststore.password = null
	ssl.truststore.type = JKS
	transaction.timeout.ms = 60000
	transactional.id = null
	value.serializer = class org.springframework.kafka.support.serializer.JsonSerializer

2025-09-24T05:37:12.481+05:30  INFO 15304 --- [           main] o.a.k.clients.producer.KafkaProducer     : [Producer clientId=producer-1] Instantiated an idempotent producer.
2025-09-24T05:37:12.505+05:30  INFO 15304 --- [           main] o.a.kafka.common.utils.AppInfoParser     : Kafka version: 3.6.2
2025-09-24T05:37:12.505+05:30  INFO 15304 --- [           main] o.a.kafka.common.utils.AppInfoParser     : Kafka commitId: c4deed513057c94e
2025-09-24T05:37:12.505+05:30  INFO 15304 --- [           main] o.a.kafka.common.utils.AppInfoParser     : Kafka startTimeMs: 1758672432505
2025-09-24T05:37:12.514+05:30  INFO 15304 --- [ntainer#0-0-C-1] o.a.k.c.c.internals.ConsumerCoordinator  : [Consumer clientId=consumer-midas-core-test-1, groupId=midas-core-test] Discovered group coordinator localhost:52128 (id: 2147483647 rack: null)
2025-09-24T05:37:12.516+05:30  INFO 15304 --- [ntainer#0-0-C-1] o.a.k.c.c.internals.ConsumerCoordinator  : [Consumer clientId=consumer-midas-core-test-1, groupId=midas-core-test] Request joining group due to: rebalance failed due to 'This is not the correct coordinator.' (NotCoordinatorException)
2025-09-24T05:37:12.516+05:30  INFO 15304 --- [ntainer#0-0-C-1] o.a.k.c.c.internals.ConsumerCoordinator  : [Consumer clientId=consumer-midas-core-test-1, groupId=midas-core-test] (Re-)joining group
2025-09-24T05:37:12.517+05:30  INFO 15304 --- [ad | producer-1] org.apache.kafka.clients.Metadata        : [Producer clientId=producer-1] Cluster ID: lrSVEYsaR2ewBVdhLUe_Hg
2025-09-24T05:37:12.518+05:30  INFO 15304 --- [0-event-handler] o.a.k.c.ProducerIdControlManager         : [QuorumController id=0] Replaying ProducerIdsRecord ProducerIdsRecord(brokerId=0, brokerEpoch=5, nextProducerId=1000)
2025-09-24T05:37:12.533+05:30  INFO 15304 --- [quest-handler-3] k.coordinator.group.GroupCoordinator     : [GroupCoordinator 0]: Dynamic member with unknown member id joins group midas-core-test in Empty state. Created a new member id consumer-midas-core-test-1-5cdcbd64-b524-4600-a24c-5f1ffbc89037 and request the member to rejoin with this id.
2025-09-24T05:37:12.533+05:30  INFO 15304 --- [ntainer#0-0-C-1] o.a.k.c.c.internals.ConsumerCoordinator  : [Consumer clientId=consumer-midas-core-test-1, groupId=midas-core-test] Request joining group due to: need to re-join with the given member-id: consumer-midas-core-test-1-5cdcbd64-b524-4600-a24c-5f1ffbc89037
2025-09-24T05:37:12.533+05:30  INFO 15304 --- [ntainer#0-0-C-1] o.a.k.c.c.internals.ConsumerCoordinator  : [Consumer clientId=consumer-midas-core-test-1, groupId=midas-core-test] Request joining group due to: rebalance failed due to 'The group member needs to have a valid member id before actually entering a consumer group.' (MemberIdRequiredException)
2025-09-24T05:37:12.533+05:30  INFO 15304 --- [ntainer#0-0-C-1] o.a.k.c.c.internals.ConsumerCoordinator  : [Consumer clientId=consumer-midas-core-test-1, groupId=midas-core-test] (Re-)joining group
2025-09-24T05:37:12.549+05:30  INFO 15304 --- [quest-handler-7] k.coordinator.group.GroupCoordinator     : [GroupCoordinator 0]: Preparing to rebalance group midas-core-test in state PreparingRebalance with old generation 0 (__consumer_offsets-11) (reason: Adding new member consumer-midas-core-test-1-5cdcbd64-b524-4600-a24c-5f1ffbc89037 with group instance id None; client reason: rebalance failed due to MemberIdRequiredException)
2025-09-24T05:37:12.564+05:30  INFO 15304 --- [cutor-Rebalance] k.coordinator.group.GroupCoordinator     : [GroupCoordinator 0]: Stabilized group midas-core-test generation 1 (__consumer_offsets-11) with 1 members
2025-09-24T05:37:12.566+05:30  INFO 15304 --- [ntainer#0-0-C-1] o.a.k.c.c.internals.ConsumerCoordinator  : [Consumer clientId=consumer-midas-core-test-1, groupId=midas-core-test] Successfully joined group with generation Generation{generationId=1, memberId='consumer-midas-core-test-1-5cdcbd64-b524-4600-a24c-5f1ffbc89037', protocol='range'}
2025-09-24T05:37:12.573+05:30  INFO 15304 --- [ntainer#0-0-C-1] o.a.k.c.c.internals.ConsumerCoordinator  : [Consumer clientId=consumer-midas-core-test-1, groupId=midas-core-test] Finished assignment for group at generation 1: {consumer-midas-core-test-1-5cdcbd64-b524-4600-a24c-5f1ffbc89037=Assignment(partitions=[transactions-0])}
2025-09-24T05:37:12.583+05:30  INFO 15304 --- [quest-handler-2] k.coordinator.group.GroupCoordinator     : [GroupCoordinator 0]: Assignment received from leader consumer-midas-core-test-1-5cdcbd64-b524-4600-a24c-5f1ffbc89037 for group midas-core-test for generation 1. The group has 1 members, 0 of which are static.
2025-09-24T05:37:12.616+05:30  INFO 15304 --- [ntainer#0-0-C-1] o.a.k.c.c.internals.ConsumerCoordinator  : [Consumer clientId=consumer-midas-core-test-1, groupId=midas-core-test] Successfully synced group in generation Generation{generationId=1, memberId='consumer-midas-core-test-1-5cdcbd64-b524-4600-a24c-5f1ffbc89037', protocol='range'}
2025-09-24T05:37:12.616+05:30  INFO 15304 --- [ntainer#0-0-C-1] o.a.k.c.c.internals.ConsumerCoordinator  : [Consumer clientId=consumer-midas-core-test-1, groupId=midas-core-test] Notifying assignor about the new Assignment(partitions=[transactions-0])
2025-09-24T05:37:12.616+05:30  INFO 15304 --- [ntainer#0-0-C-1] o.a.k.c.c.internals.ConsumerCoordinator  : [Consumer clientId=consumer-midas-core-test-1, groupId=midas-core-test] Adding newly assigned partitions: transactions-0
2025-09-24T05:37:12.632+05:30  INFO 15304 --- [ad | producer-1] o.a.k.c.p.internals.TransactionManager   : [Producer clientId=producer-1] ProducerId set to 0 with epoch 0
2025-09-24T05:37:12.632+05:30  INFO 15304 --- [ntainer#0-0-C-1] o.a.k.c.c.internals.ConsumerCoordinator  : [Consumer clientId=consumer-midas-core-test-1, groupId=midas-core-test] Found no committed offset for partition transactions-0
2025-09-24T05:37:12.658+05:30  INFO 15304 --- [ntainer#0-0-C-1] o.a.k.c.c.internals.SubscriptionState    : [Consumer clientId=consumer-midas-core-test-1, groupId=midas-core-test] Resetting offset for partition transactions-0 to position FetchPosition{offset=0, offsetEpoch=Optional.empty, currentLeader=LeaderAndEpoch{leader=Optional[localhost:52128 (id: 0 rack: null)], epoch=0}}.
2025-09-24T05:37:12.658+05:30  INFO 15304 --- [ntainer#0-0-C-1] o.s.k.l.KafkaMessageListenerContainer    : midas-core-test: partitions assigned: [transactions-0]
2025-09-24T05:37:12.753+05:30  INFO 15304 --- [ntainer#0-0-C-1] c.j.m.kafka.KafkaTransactionListener     : Received transaction: Transaction {senderId=6, recipientId=9, amount=173.71}
2025-09-24T05:37:12.815+05:30  INFO 15304 --- [ntainer#0-0-C-1] c.j.m.kafka.KafkaTransactionListener     : Transaction processed successfully: Transaction {senderId=6, recipientId=9, amount=173.71}
2025-09-24T05:37:12.815+05:30  INFO 15304 --- [ntainer#0-0-C-1] c.j.m.kafka.KafkaTransactionListener     : Received transaction: Transaction {senderId=4, recipientId=8, amount=124.7}
2025-09-24T05:37:12.820+05:30  WARN 15304 --- [ntainer#0-0-C-1] c.j.m.kafka.KafkaTransactionListener     : Transaction validation failed, discarding: Transaction {senderId=4, recipientId=8, amount=124.7}
2025-09-24T05:37:12.820+05:30  INFO 15304 --- [ntainer#0-0-C-1] c.j.m.kafka.KafkaTransactionListener     : Received transaction: Transaction {senderId=6, recipientId=8, amount=67.38}
2025-09-24T05:37:12.820+05:30  INFO 15304 --- [ntainer#0-0-C-1] c.j.m.kafka.KafkaTransactionListener     : Transaction processed successfully: Transaction {senderId=6, recipientId=8, amount=67.38}
2025-09-24T05:37:12.820+05:30  INFO 15304 --- [ntainer#0-0-C-1] c.j.m.kafka.KafkaTransactionListener     : Received transaction: Transaction {senderId=1, recipientId=9, amount=4.38}
2025-09-24T05:37:12.820+05:30  INFO 15304 --- [ntainer#0-0-C-1] c.j.m.kafka.KafkaTransactionListener     : Transaction processed successfully: Transaction {senderId=1, recipientId=9, amount=4.38}
2025-09-24T05:37:12.820+05:30  INFO 15304 --- [ntainer#0-0-C-1] c.j.m.kafka.KafkaTransactionListener     : Received transaction: Transaction {senderId=8, recipientId=7, amount=38.74}
2025-09-24T05:37:12.830+05:30  INFO 15304 --- [ntainer#0-0-C-1] c.j.m.kafka.KafkaTransactionListener     : Transaction processed successfully: Transaction {senderId=8, recipientId=7, amount=38.74}
2025-09-24T05:37:12.830+05:30  INFO 15304 --- [ntainer#0-0-C-1] c.j.m.kafka.KafkaTransactionListener     : Received transaction: Transaction {senderId=7, recipientId=2, amount=93.14}
2025-09-24T05:37:12.830+05:30  INFO 15304 --- [ntainer#0-0-C-1] c.j.m.kafka.KafkaTransactionListener     : Transaction processed successfully: Transaction {senderId=7, recipientId=2, amount=93.14}
2025-09-24T05:37:12.830+05:30  INFO 15304 --- [ntainer#0-0-C-1] c.j.m.kafka.KafkaTransactionListener     : Received transaction: Transaction {senderId=9, recipientId=5, amount=45.42}
2025-09-24T05:37:12.842+05:30  INFO 15304 --- [ntainer#0-0-C-1] c.j.m.kafka.KafkaTransactionListener     : Transaction processed successfully: Transaction {senderId=9, recipientId=5, amount=45.42}
2025-09-24T05:37:12.844+05:30  INFO 15304 --- [ntainer#0-0-C-1] c.j.m.kafka.KafkaTransactionListener     : Received transaction: Transaction {senderId=6, recipientId=5, amount=32.12}
2025-09-24T05:37:12.849+05:30  INFO 15304 --- [ntainer#0-0-C-1] c.j.m.kafka.KafkaTransactionListener     : Transaction processed successfully: Transaction {senderId=6, recipientId=5, amount=32.12}
2025-09-24T05:37:12.849+05:30  INFO 15304 --- [ntainer#0-0-C-1] c.j.m.kafka.KafkaTransactionListener     : Received transaction: Transaction {senderId=7, recipientId=10, amount=98.3}
2025-09-24T05:37:12.853+05:30  INFO 15304 --- [ntainer#0-0-C-1] c.j.m.kafka.KafkaTransactionListener     : Transaction processed successfully: Transaction {senderId=7, recipientId=10, amount=98.3}
2025-09-24T05:37:12.853+05:30  INFO 15304 --- [ntainer#0-0-C-1] c.j.m.kafka.KafkaTransactionListener     : Received transaction: Transaction {senderId=7, recipientId=3, amount=42.58}
2025-09-24T05:37:12.855+05:30  INFO 15304 --- [ntainer#0-0-C-1] c.j.m.kafka.KafkaTransactionListener     : Transaction processed successfully: Transaction {senderId=7, recipientId=3, amount=42.58}
2025-09-24T05:37:12.855+05:30  INFO 15304 --- [ntainer#0-0-C-1] c.j.m.kafka.KafkaTransactionListener     : Received transaction: Transaction {senderId=2, recipientId=1, amount=178.24}
2025-09-24T05:37:12.862+05:30  INFO 15304 --- [ntainer#0-0-C-1] c.j.m.kafka.KafkaTransactionListener     : Transaction processed successfully: Transaction {senderId=2, recipientId=1, amount=178.24}
2025-09-24T05:37:12.862+05:30  INFO 15304 --- [ntainer#0-0-C-1] c.j.m.kafka.KafkaTransactionListener     : Received transaction: Transaction {senderId=5, recipientId=9, amount=78.74}
2025-09-24T05:37:12.862+05:30  INFO 15304 --- [ntainer#0-0-C-1] c.j.m.kafka.KafkaTransactionListener     : Transaction processed successfully: Transaction {senderId=5, recipientId=9, amount=78.74}
2025-09-24T05:37:12.862+05:30  INFO 15304 --- [ntainer#0-0-C-1] c.j.m.kafka.KafkaTransactionListener     : Received transaction: Transaction {senderId=4, recipientId=8, amount=139.7}
2025-09-24T05:37:12.862+05:30  WARN 15304 --- [ntainer#0-0-C-1] c.j.m.kafka.KafkaTransactionListener     : Transaction validation failed, discarding: Transaction {senderId=4, recipientId=8, amount=139.7}
2025-09-24T05:37:12.862+05:30  INFO 15304 --- [ntainer#0-0-C-1] c.j.m.kafka.KafkaTransactionListener     : Received transaction: Transaction {senderId=9, recipientId=6, amount=57.84}
2025-09-24T05:37:12.862+05:30  INFO 15304 --- [ntainer#0-0-C-1] c.j.m.kafka.KafkaTransactionListener     : Transaction processed successfully: Transaction {senderId=9, recipientId=6, amount=57.84}
2025-09-24T05:37:12.862+05:30  INFO 15304 --- [ntainer#0-0-C-1] c.j.m.kafka.KafkaTransactionListener     : Received transaction: Transaction {senderId=10, recipientId=9, amount=127.4}
2025-09-24T05:37:12.878+05:30  INFO 15304 --- [ntainer#0-0-C-1] c.j.m.kafka.KafkaTransactionListener     : Transaction processed successfully: Transaction {senderId=10, recipientId=9, amount=127.4}
2025-09-24T05:37:12.878+05:30  INFO 15304 --- [ntainer#0-0-C-1] c.j.m.kafka.KafkaTransactionListener     : Received transaction: Transaction {senderId=6, recipientId=1, amount=24.37}
2025-09-24T05:37:12.880+05:30  INFO 15304 --- [ntainer#0-0-C-1] c.j.m.kafka.KafkaTransactionListener     : Transaction processed successfully: Transaction {senderId=6, recipientId=1, amount=24.37}
2025-09-24T05:37:12.880+05:30  INFO 15304 --- [ntainer#0-0-C-1] c.j.m.kafka.KafkaTransactionListener     : Received transaction: Transaction {senderId=10, recipientId=2, amount=23.86}
2025-09-24T05:37:12.890+05:30  INFO 15304 --- [ntainer#0-0-C-1] c.j.m.kafka.KafkaTransactionListener     : Transaction processed successfully: Transaction {senderId=10, recipientId=2, amount=23.86}
2025-09-24T05:37:12.890+05:30  INFO 15304 --- [ntainer#0-0-C-1] c.j.m.kafka.KafkaTransactionListener     : Received transaction: Transaction {senderId=4, recipientId=6, amount=72.6}
2025-09-24T05:37:12.890+05:30  WARN 15304 --- [ntainer#0-0-C-1] c.j.m.kafka.KafkaTransactionListener     : Transaction validation failed, discarding: Transaction {senderId=4, recipientId=6, amount=72.6}
2025-09-24T05:37:12.890+05:30  INFO 15304 --- [ntainer#0-0-C-1] c.j.m.kafka.KafkaTransactionListener     : Received transaction: Transaction {senderId=3, recipientId=2, amount=127.63}
2025-09-24T05:37:12.896+05:30  INFO 15304 --- [ntainer#0-0-C-1] c.j.m.kafka.KafkaTransactionListener     : Transaction processed successfully: Transaction {senderId=3, recipientId=2, amount=127.63}
2025-09-24T05:37:12.896+05:30  INFO 15304 --- [ntainer#0-0-C-1] c.j.m.kafka.KafkaTransactionListener     : Received transaction: Transaction {senderId=3, recipientId=6, amount=133.7}
2025-09-24T05:37:12.896+05:30  INFO 15304 --- [ntainer#0-0-C-1] c.j.m.kafka.KafkaTransactionListener     : Transaction processed successfully: Transaction {senderId=3, recipientId=6, amount=133.7}
2025-09-24T05:37:12.896+05:30  INFO 15304 --- [ntainer#0-0-C-1] c.j.m.kafka.KafkaTransactionListener     : Received transaction: Transaction {senderId=9, recipientId=5, amount=184.51}
2025-09-24T05:37:12.905+05:30  INFO 15304 --- [ntainer#0-0-C-1] c.j.m.kafka.KafkaTransactionListener     : Transaction processed successfully: Transaction {senderId=9, recipientId=5, amount=184.51}
2025-09-24T05:37:12.905+05:30  INFO 15304 --- [ntainer#0-0-C-1] c.j.m.kafka.KafkaTransactionListener     : Received transaction: Transaction {senderId=4, recipientId=5, amount=133.86}
2025-09-24T05:37:12.905+05:30  WARN 15304 --- [ntainer#0-0-C-1] c.j.m.kafka.KafkaTransactionListener     : Transaction validation failed, discarding: Transaction {senderId=4, recipientId=5, amount=133.86}
2025-09-24T05:37:14.579+05:30  INFO 15304 --- [           main] com.jpmc.midascore.TaskThreeTests        : ----------------------------------------------------------
2025-09-24T05:37:14.579+05:30  INFO 15304 --- [           main] com.jpmc.midascore.TaskThreeTests        : ----------------------------------------------------------
2025-09-24T05:37:14.579+05:30  INFO 15304 --- [           main] com.jpmc.midascore.TaskThreeTests        : ----------------------------------------------------------
2025-09-24T05:37:14.579+05:30  INFO 15304 --- [           main] com.jpmc.midascore.TaskThreeTests        : use your debugger to find out what waldorf's balance is after all transactions are processed
2025-09-24T05:37:14.579+05:30  INFO 15304 --- [           main] com.jpmc.midascore.TaskThreeTests        : kill this test once you find the answer
2025-09-24T05:37:34.591+05:30  INFO 15304 --- [           main] com.jpmc.midascore.TaskThreeTests        : ...
2025-09-24T05:37:54.603+05:30  INFO 15304 --- [           main] com.jpmc.midascore.TaskThreeTests        : ...
2025-09-24T05:38:14.612+05:30  INFO 15304 --- [           main] com.jpmc.midascore.TaskThreeTests        : ...
2025-09-24T05:38:34.625+05:30  INFO 15304 --- [           main] com.jpmc.midascore.TaskThreeTests        : ...
[INFO] 
Terminate batch job (Y/N)? Terminate batch job (Y/N)? 